vendorID,PickupDatetime,DropoffDatetime,PickupDate,DropoffDate,Duration,passengerCount,tripDistance,puLocationId,doLocationId,pickupLongitude,pickupLatitude,dropoffLongitude,dropoffLatitude,rateCodeID,storeAndFwdFlag,paymentType,fareAmount,extra,mtaTax,improvementSurcharge,tipAmount,tollsAmount,ehailFee,totalAmount,tripType
1,2014-05-14 17:21:55,2014-05-14 18:35:25,2014-05-14,2014-05-14,4410,2,17.5,,,-73.90033721923828,40.741233825683594,-73.86101531982422,40.73537826538086,1,N,3,61.0,1.0,0.5,,0.0,10.66,,73.16,1
1,2014-05-02 18:02:55,2014-05-02 18:06:02,2014-05-02,2014-05-02,187,2,0.4,,,-73.92575073242188,40.65920639038086,-73.92301940917969,40.655479431152344,1,N,1,4.0,1.0,0.5,,0.0,9.5,,15.0,1
1,2014-09-05 16:40:05,2014-09-05 17:25:42,2014-09-05,2014-09-05,2737,2,15.8,,,-74.01997375488281,40.64622497558594,-74.19817352294922,40.559173583984375,1,N,2,47.0,1.0,0.5,,0.0,10.66,,59.16,1
1,2014-09-12 16:35:52,2014-09-12 18:37:30,2014-09-12,2014-09-12,7298,2,22.2,,,-73.9530258178711,40.79154586791992,-74.1248779296875,40.62667465209961,1,N,2,87.5,1.0,0.5,,0.0,15.99,,104.99,1
1,2014-09-22 19:45:30,2014-09-22 21:07:37,2014-09-22,2014-09-22,4927,2,36.8,,,-73.94365692138672,40.79949188232422,-73.88444519042969,40.83091735839844,1,N,2,105.5,1.0,0.5,,0.0,10.66,,117.66,1
1,2014-09-16 15:39:50,2014-09-16 16:40:08,2014-09-16,2014-09-16,3618,2,26.0,,,-73.98463439941406,40.693504333496094,-74.21061706542969,40.527748107910156,1,Y,2,72.5,1.0,0.5,,0.0,10.66,,84.66,1
2,2014-08-26 16:52:14,2014-08-26 16:56:50,2014-08-26,2014-08-26,276,2,0.76,,,-73.9085693359375,40.75408172607422,-73.91583251953125,40.7601318359375,1,N,2,5.0,1.0,0.5,,0.0,2.0,,8.5,1
1,2014-08-26 17:55:19,2014-08-26 18:36:48,2014-08-26,2014-08-26,2489,2,10.7,,,-73.8451919555664,40.75477600097656,-73.98963165283203,40.75694274902344,1,N,2,39.5,1.0,0.5,,0.0,5.34,,46.34,1
1,2014-08-29 19:47:19,2014-08-29 20:06:40,2014-08-29,2014-08-29,1161,2,4.9,,,-73.95155334472656,40.81184387207031,-73.92280578613281,40.793880462646484,1,N,2,17.5,1.0,0.5,,0.0,10.66,,29.66,1
1,2014-08-27 19:28:39,2014-08-27 19:55:24,2014-08-27,2014-08-27,1605,2,5.5,,,-73.9532470703125,40.74522018432617,-73.98069763183594,40.72966766357422,1,N,2,22.5,1.0,0.5,,0.0,0.5,,24.5,1
1,2014-08-14 17:02:19,2014-08-14 17:11:59,2014-08-14,2014-08-14,580,2,1.7,,,-73.95698547363281,40.74473571777344,-73.93782043457031,40.748802185058594,1,N,2,8.5,1.0,0.5,,0.0,0.5,,10.5,1
2,2014-08-07 16:24:52,2014-08-07 16:39:02,2014-08-07,2014-08-07,850,2,2.31,,,-73.95655059814453,40.74692153930664,-73.9754409790039,40.74824142456055,1,N,2,11.5,1.0,0.5,,0.0,7.33,,20.33,1
2,2014-08-07 16:47:29,2014-08-07 17:46:44,2014-08-07,2014-08-07,3555,2,11.33,,,-73.86209106445312,40.73038101196289,-73.91138458251953,40.844425201416016,1,N,2,46.0,1.0,0.5,,0.0,10.66,,58.16,1
2,2014-08-07 18:58:51,2014-08-07 19:28:11,2014-08-07,2014-08-07,1760,2,9.93,,,-73.82280731201172,40.686767578125,-73.83935546875,40.57819366455078,1,N,2,31.5,1.0,0.5,,0.0,2.0,,35.0,1
2,2014-05-02 17:33:10,2014-05-02 18:53:08,2014-05-02,2014-05-02,4798,2,36.02,,,-73.95543670654297,40.669471740722656,-74.40724182128906,40.47272491455078,3,N,1,119.0,1.0,0.0,,0.0,21.66,,141.66,1
2,2014-09-30 17:26:22,2014-09-30 18:53:43,2014-09-30,2014-09-30,5241,2,22.07,,,-73.92737579345703,40.74394989013672,-74.17761993408203,40.69527816772461,3,N,1,95.0,1.0,0.0,,0.0,15.3,,111.3,1
1,2014-08-07 18:20:43,2014-08-07 19:31:36,2014-08-07,2014-08-07,4253,2,21.9,,,-73.95509338378906,40.82033920288086,-74.17674255371094,40.69354248046875,3,N,2,90.5,1.0,0.0,,0.0,12.2,,103.7,1
1,2014-05-22 19:08:40,2014-05-22 19:37:28,2014-05-22,2014-05-22,1728,3,8.1,,,-73.91307830810547,40.76620101928711,-73.9808120727539,40.760074615478516,1,N,2,28.0,1.0,0.5,,0.0,12.83,,42.33,1
2,2014-09-26 10:50:25,2014-09-26 11:19:31,2014-09-26,2014-09-26,1746,3,17.56,,,-73.93546295166016,40.80410385131836,-73.78792572021484,40.64505386352539,1,N,2,105.5,1.0,0.5,,0.0,12.83,,119.83,2
1,2014-09-22 17:31:26,2014-09-22 17:31:51,2014-09-22,2014-09-22,25,3,3.4,,,-73.98257446289062,40.69230270385742,-73.98287200927734,40.693172454833984,1,N,2,2.5,1.0,0.5,,0.0,21.0,,25.0,1
2,2014-09-04 18:37:14,2014-09-04 19:46:18,2014-09-04,2014-09-04,4144,3,34.96,,,-73.93695068359375,40.79828643798828,-73.56892395019531,40.654056549072266,1,N,2,97.0,1.0,0.5,,0.0,10.66,,109.16,1
2,2014-09-10 19:42:16,2014-09-10 20:11:29,2014-09-10,2014-09-10,1753,6,6.59,,,-73.96040344238281,40.69847106933594,-74.04871368408203,40.72218704223633,3,N,1,40.0,1.0,0.0,,0.0,9.0,,50.0,1
1,2014-05-08 17:34:35,2014-05-08 17:36:13,2014-05-08,2014-05-08,98,3,0.0,,,-73.93441009521484,40.756736755371094,-73.93436431884766,40.756744384765625,1,N,3,3.0,1.0,0.5,,0.0,7.5,,12.0,1
1,2014-05-08 17:42:06,2014-05-08 17:46:16,2014-05-08,2014-05-08,250,4,0.0,,,-73.9342269897461,40.75676727294922,-73.9343490600586,40.756832122802734,1,N,2,4.5,1.0,0.5,,0.0,7.5,,13.5,1
1,2014-05-08 17:47:23,2014-05-08 17:49:43,2014-05-08,2014-05-08,140,4,0.0,,,-73.93428802490234,40.75678634643555,-73.93408203125,40.75676727294922,1,N,2,3.5,1.0,0.5,,0.0,7.5,,12.5,1
2,2014-05-22 16:45:09,2014-05-22 17:25:37,2014-05-22,2014-05-22,2428,3,13.09,,,-73.89020538330078,40.86243438720703,-73.86489868164062,40.770450592041016,1,N,2,40.0,1.0,0.5,,0.0,7.5,,49.0,1
2,2014-05-14 19:27:30,2014-05-14 20:01:03,2014-05-14,2014-05-14,2013,2,9.56,,,-73.91893005371094,40.81632995605469,-73.91999053955078,40.75749969482422,1,N,1,33.0,1.0,0.5,,0.0,7.5,,42.0,1
2,2014-05-02 19:21:56,2014-05-02 19:56:33,2014-05-02,2014-05-02,2077,5,7.97,,,-73.90349578857422,40.74530792236328,-73.86689758300781,40.84315872192383,1,N,1,29.5,1.0,0.5,,0.0,7.5,,38.5,1
2,2014-05-27 16:13:30,2014-05-27 17:43:56,2014-05-27,2014-05-27,5426,2,10.81,,,-73.9413070678711,40.8287239074707,-73.93309020996094,40.74091339111328,1,N,1,56.5,1.0,0.5,,0.0,7.5,,65.5,1
2,2014-05-27 17:53:48,2014-05-27 18:27:02,2014-05-27,2014-05-27,1994,4,5.35,,,-73.9517593383789,40.72331619262695,-73.99298095703125,40.75143814086914,1,N,2,25.0,1.0,0.5,,0.0,7.5,,34.0,1
1,2014-09-05 19:32:04,2014-09-05 19:40:55,2014-09-05,2014-09-05,531,2,3.4,,,-73.91687774658203,40.77120590209961,-73.9388427734375,40.80529022216797,1,N,2,12.0,1.0,0.5,,0.0,7.5,,21.0,1
2,2014-09-16 17:31:45,2014-09-16 17:50:59,2014-09-16,2014-09-16,1154,5,7.67,,,-73.95137023925781,40.79106521606445,-73.86407470703125,40.76344680786133,1,N,1,23.5,1.0,0.5,,0.0,7.5,,32.5,1
2,2014-08-29 16:23:08,2014-08-29 16:35:28,2014-08-29,2014-08-29,740,5,2.61,,,-73.93440246582031,40.801597595214844,-73.92401885986328,40.7918586730957,1,N,1,11.5,1.0,0.5,,0.0,7.5,,20.5,1
1,2014-08-01 17:11:31,2014-08-01 17:30:37,2014-08-01,2014-08-01,1146,2,8.4,,,-73.91985321044922,40.82606887817383,-73.86167907714844,40.768348693847656,1,N,2,25.5,1.0,0.5,,0.0,7.5,,34.5,1
1,2014-05-20 17:03:34,2014-05-20 19:08:41,2014-05-20,2014-05-20,7507,2,16.8,,,-73.95868682861328,40.71684265136719,-74.1893081665039,40.69468688964844,1,N,2,87.0,1.0,0.5,,0.0,11.0,,99.5,1
1,2014-05-22 16:14:18,2014-05-22 16:42:57,2014-05-22,2014-05-22,1719,2,16.4,,,-73.93904876708984,40.83958053588867,-73.92963409423828,41.03847885131836,1,N,2,45.5,1.0,0.5,,0.0,11.0,,58.0,1
2,2014-05-27 16:32:19,2014-05-27 16:38:36,2014-05-27,2014-05-27,377,2,2.19,,,-73.95600128173828,40.85239028930664,-73.99279022216797,40.863712310791016,1,N,2,8.5,1.0,0.5,,0.0,11.0,,21.0,1
1,2014-09-17 16:19:50,2014-09-17 17:27:04,2014-09-17,2014-09-17,4034,2,15.8,,,-73.99008178710938,40.668575286865234,-74.17761993408203,40.690399169921875,1,N,2,57.5,1.0,0.5,,0.0,11.0,,70.0,1
1,2014-09-04 17:53:38,2014-09-04 18:50:58,2014-09-04,2014-09-04,3440,2,15.4,,,-73.98992156982422,40.702186584472656,-74.17790222167969,40.695526123046875,3,N,2,71.5,1.0,0.0,,0.0,11.0,,83.5,1
2,2014-08-13 17:03:33,2014-08-13 18:23:59,2014-08-13,2014-08-13,4826,2,15.49,,,-73.95870208740234,40.71657943725586,-74.17749786376953,40.69078826904297,3,N,2,83.5,1.0,0.0,,0.0,11.0,,95.5,1
1,2014-08-18 16:45:22,2014-08-18 17:31:40,2014-08-18,2014-08-18,2778,2,24.7,,,-73.9503173828125,40.82667922973633,-74.10438537597656,40.66698455810547,3,N,2,85.5,1.0,0.0,,0.0,11.0,,97.5,1
2,2014-08-25 19:00:11,2014-08-25 19:30:11,2014-08-25,2014-08-25,1800,2,11.58,,,-73.9527359008789,40.8110466003418,-73.97380065917969,40.89657211303711,4,N,2,39.0,1.0,0.5,,0.0,11.0,,51.5,1
1,2014-08-14 17:22:56,2014-08-14 18:11:00,2014-08-14,2014-08-14,2884,2,13.2,,,-73.94190979003906,40.84203338623047,-74.04547119140625,40.724853515625,1,N,2,42.5,1.0,0.5,,0.0,11.0,,55.0,1
2,2014-05-30 19:15:49,2014-05-30 19:24:29,2014-05-30,2014-05-30,520,5,5.99,,,-73.93111419677734,40.8444709777832,-73.93726348876953,40.84709930419922,1,N,2,25.0,1.0,0.5,,0.0,11.0,,37.5,1
2,2014-09-25 19:16:08,2014-09-25 19:27:50,2014-09-25,2014-09-25,702,5,3.67,,,-73.9410171508789,40.84004592895508,-73.97614288330078,40.84954071044922,4,N,2,18.5,1.0,0.5,,0.0,11.0,,31.0,1
1,2014-09-09 19:30:20,2014-09-09 20:19:19,2014-09-09,2014-09-09,2939,4,13.6,,,-73.95865631103516,40.81052780151367,-74.07266235351562,40.814842224121094,1,N,2,49.0,1.0,0.5,,0.0,11.0,,61.5,1
2,2014-09-23 17:03:03,2014-09-23 18:34:32,2014-09-23,2014-09-23,5489,5,21.29,,,-73.9244155883789,40.74406051635742,-74.17764282226562,40.6903076171875,3,N,2,95.5,1.0,0.0,,0.0,11.0,,107.5,1
2,2014-08-01 18:52:01,2014-08-01 20:00:48,2014-08-01,2014-08-01,4127,5,14.02,,,-73.9209213256836,40.75653076171875,-74.10501861572266,40.82066345214844,1,N,2,56.0,1.0,0.5,,0.0,11.0,,68.5,1
2,2014-08-25 16:07:32,2014-08-25 17:04:16,2014-08-25,2014-08-25,3404,3,17.58,,,-73.9796142578125,40.674415588378906,-74.17758178710938,40.695377349853516,1,N,2,57.5,1.0,0.5,,0.0,11.0,,70.0,1
2,2014-08-14 16:50:27,2014-08-14 18:29:41,2014-08-14,2014-08-14,5954,5,23.88,,,-73.98737335205078,40.7044563293457,-74.31082153320312,40.80100631713867,1,N,2,89.0,1.0,0.5,,0.0,11.0,,101.5,1
2,2014-08-07 17:29:10,2014-08-07 18:38:53,2014-08-07,2014-08-07,4183,5,16.65,,,-73.95518493652344,40.694705963134766,-74.17682647705078,40.692169189453125,3,N,2,80.0,1.0,0.0,,0.0,11.0,,92.0,1
2,2014-05-15 16:42:47,2014-05-15 18:23:38,2014-05-15,2014-05-15,6051,3,23.27,,,-73.96383666992188,40.692047119140625,-74.25859832763672,40.81252670288086,1,N,1,85.0,1.0,0.5,,0.0,11.0,,97.5,1
2,2014-09-25 16:12:14,2014-09-25 16:26:10,2014-09-25,2014-09-25,836,5,4.87,,,-73.94198608398438,40.8418083190918,-73.9740982055664,40.867401123046875,4,N,1,23.0,1.0,0.5,,0.0,11.0,,35.5,1
2,2014-09-19 18:15:54,2014-09-19 18:56:32,2014-09-19,2014-09-19,2438,5,26.14,,,-73.964111328125,40.807884216308594,-74.17733001708984,40.69521713256836,3,N,1,86.5,1.0,0.0,,0.0,11.0,,98.5,1
2,2014-09-11 19:20:53,2014-09-11 20:08:37,2014-09-11,2014-09-11,2864,2,19.63,,,-73.97374725341797,40.68790817260742,-74.18994140625,40.688995361328125,3,N,1,72.0,1.0,0.0,,0.0,11.0,,84.0,1
1,2014-09-15 16:24:05,2014-09-15 17:01:05,2014-09-15,2014-09-15,2220,3,23.8,,,-73.9417953491211,40.83856964111328,-74.17709350585938,40.69509506225586,3,N,1,82.0,1.0,0.0,,0.0,11.0,,94.0,1
2,2014-08-07 18:15:35,2014-08-07 19:08:11,2014-08-07,2014-08-07,3156,6,10.36,,,-73.93846893310547,40.79216766357422,-73.98904418945312,40.80667495727539,1,N,1,39.0,1.0,0.5,,0.0,11.0,,51.5,1
2,2014-05-09 20:01:15,2014-05-09 20:16:36,2014-05-09,2014-05-09,921,2,5.87,,,-73.93682098388672,40.849002838134766,-73.90264892578125,40.91645812988281,1,N,2,18.5,1.0,0.5,,0.0,2.44,,22.44,1
2,2014-09-17 19:38:16,2014-09-17 19:51:29,2014-09-17,2014-09-17,793,2,6.03,,,-73.94010925292969,40.83988571166992,-73.90243530273438,40.91245651245117,1,N,2,18.5,1.0,0.5,,0.0,2.44,,22.44,1
2,2014-09-25 16:36:17,2014-09-25 17:35:45,2014-09-25,2014-09-25,3568,2,13.34,,,-73.9427719116211,40.8409538269043,-73.92143249511719,40.86770248413086,1,N,2,49.5,1.0,0.5,,0.0,2.44,,53.44,1
1,2014-09-26 19:52:47,2014-09-26 20:09:14,2014-09-26,2014-09-26,987,2,6.3,,,-73.96514129638672,40.80606460571289,-73.91468048095703,40.88446044921875,1,N,2,20.0,1.0,0.5,,0.0,2.44,,23.94,1
2,2014-09-12 19:48:34,2014-09-12 20:07:44,2014-09-12,2014-09-12,1150,2,6.8,,,-73.93933868408203,40.8427619934082,-73.90110778808594,40.92132568359375,1,N,1,22.0,1.0,0.5,,0.0,2.44,,25.94,1
2,2014-09-18 18:53:19,2014-09-18 19:09:26,2014-09-18,2014-09-18,967,2,6.72,,,-73.96288299560547,40.81085968017578,-73.91634368896484,40.89341735839844,1,N,2,20.0,1.0,0.5,,0.0,2.44,,23.94,1
2,2014-09-23 19:23:34,2014-09-23 19:35:44,2014-09-23,2014-09-23,730,2,6.16,,,-73.94024658203125,40.8402099609375,-73.90250396728516,40.91204071044922,1,N,2,18.5,1.0,0.5,,0.0,2.44,,22.44,1
2,2014-09-10 16:13:50,2014-09-10 16:20:49,2014-09-10,2014-09-10,419,3,3.53,,,-73.94269561767578,40.840450286865234,-73.91845703125,40.878562927246094,1,N,2,11.5,1.0,0.5,,0.0,2.44,,15.44,1
2,2014-08-13 18:22:49,2014-08-13 18:35:40,2014-08-13,2014-08-13,771,2,3.63,,,-73.92219543457031,40.86733627319336,-73.91124725341797,40.89764404296875,1,N,2,13.5,1.0,0.5,,0.0,2.44,,17.44,1
2,2014-09-02 16:24:05,2014-09-02 16:51:40,2014-09-02,2014-09-02,1655,5,15.51,,,-73.88005828857422,40.87973403930664,-73.99270629882812,40.74879837036133,1,N,1,44.0,1.0,0.5,,0.0,2.44,,47.94,1
2,2014-08-05 19:34:06,2014-08-05 19:59:06,2014-08-05,2014-08-05,1500,5,7.97,,,-73.95230102539062,40.798343658447266,-73.90869140625,40.88698196411133,1,N,1,27.0,1.0,0.5,,0.0,2.44,,30.94,1
2,2014-05-08 17:30:53,2014-05-08 17:47:10,2014-05-08,2014-05-08,977,5,6.37,,,-73.96221160888672,40.81040954589844,-73.91854858398438,40.876861572265625,1,N,2,20.0,1.0,0.5,,0.0,2.44,,23.94,1
2,2014-05-16 18:10:14,2014-05-16 18:38:52,2014-05-16,2014-05-16,1718,5,7.63,,,-73.95836639404297,40.815460205078125,-73.89982604980469,40.90553283691406,1,N,2,26.5,1.0,0.5,,0.0,2.44,,30.44,1
2,2014-05-02 16:11:44,2014-05-02 16:36:36,2014-05-02,2014-05-02,1492,5,7.68,,,-73.95835876464844,40.813289642333984,-73.90673065185547,40.90695571899414,1,N,2,26.0,1.0,0.5,,0.0,2.44,,29.94,1
2,2014-09-02 17:51:51,2014-09-02 18:01:12,2014-09-02,2014-09-02,561,5,3.51,,,-73.94237518310547,40.84095001220703,-73.9170913696289,40.87812805175781,1,N,2,12.5,1.0,0.5,,0.0,2.44,,16.44,1
2,2014-09-02 18:11:50,2014-09-02 18:26:16,2014-09-02,2014-09-02,866,5,5.07,,,-73.9364242553711,40.85040283203125,-73.90113830566406,40.88620376586914,1,N,2,17.0,1.0,0.5,,0.0,2.44,,20.94,1
2,2014-09-17 16:17:21,2014-09-17 16:28:09,2014-09-17,2014-09-17,648,5,4.21,,,-73.94261169433594,40.84123992919922,-73.9171142578125,40.889549255371094,1,N,2,14.5,1.0,0.5,,0.0,2.44,,18.44,1
2,2014-09-24 19:09:45,2014-09-24 19:39:24,2014-09-24,2014-09-24,1779,5,9.15,,,-73.9485855102539,40.785926818847656,-73.91127014160156,40.88759231567383,1,N,2,31.0,1.0,0.5,,0.0,2.44,,34.94,1
2,2014-09-12 16:32:44,2014-09-12 16:58:00,2014-09-12,2014-09-12,1516,5,12.97,,,-73.87984466552734,40.87969970703125,-73.96075439453125,40.79766845703125,1,N,2,37.5,1.0,0.5,,0.0,2.44,,41.44,1
2,2014-09-19 18:09:53,2014-09-19 18:31:42,2014-09-19,2014-09-19,1309,5,5.93,,,-73.95781707763672,40.81610107421875,-73.90774536132812,40.884124755859375,1,N,2,22.0,1.0,0.5,,0.0,2.44,,25.94,1
2,2014-09-04 18:00:51,2014-09-04 18:11:35,2014-09-04,2014-09-04,644,5,4.66,,,-73.9425277709961,40.84103012084961,-73.90283203125,40.88975143432617,1,N,2,15.0,1.0,0.5,,0.0,2.44,,18.94,1
2,2014-09-11 17:17:26,2014-09-11 17:28:28,2014-09-11,2014-09-11,662,5,3.55,,,-73.94230651855469,40.840999603271484,-73.91497039794922,40.87881851196289,1,N,2,13.5,1.0,0.5,,0.0,2.44,,17.44,1
2,2014-09-11 19:42:12,2014-09-11 19:51:45,2014-09-11,2014-09-11,573,5,4.13,,,-73.9425048828125,40.841583251953125,-73.92070770263672,40.88006591796875,1,N,2,13.5,1.0,0.5,,0.0,2.44,,17.44,1
2,2014-09-08 17:15:25,2014-09-08 17:36:29,2014-09-08,2014-09-08,1264,5,6.37,,,-73.9586410522461,40.81557083129883,-73.91228485107422,40.88718032836914,1,N,2,23.0,1.0,0.5,,0.0,2.44,,26.94,1
2,2014-09-10 17:53:03,2014-09-10 18:13:44,2014-09-10,2014-09-10,1241,5,7.01,,,-73.9662094116211,40.80454635620117,-73.9095230102539,40.884281158447266,1,N,2,22.5,1.0,0.5,,0.0,2.44,,26.44,1
2,2014-09-15 16:42:38,2014-09-15 17:34:28,2014-09-15,2014-09-15,3110,5,9.62,,,-73.94563293457031,40.79010772705078,-73.91497039794922,40.884681701660156,1,N,2,38.5,1.0,0.5,,0.0,2.44,,42.44,1
2,2014-09-15 18:05:48,2014-09-15 18:16:01,2014-09-15,2014-09-15,613,5,4.12,,,-73.94255828857422,40.84108352661133,-73.90953826904297,40.887569427490234,1,N,2,14.5,1.0,0.5,,0.0,2.44,,18.44,1
2,2014-08-13 19:49:24,2014-08-13 19:58:51,2014-08-13,2014-08-13,567,5,3.66,,,-73.9423599243164,40.84230041503906,-73.91845703125,40.876731872558594,1,N,2,12.5,1.0,0.5,,0.0,2.44,,16.44,1
2,2014-08-05 19:18:24,2014-08-05 19:29:58,2014-08-05,2014-08-05,694,5,6.19,,,-73.95848846435547,40.815101623535156,-73.90681457519531,40.891014099121094,1,N,2,18.5,1.0,0.5,,0.0,2.44,,22.44,1
2,2014-08-19 17:00:27,2014-08-19 17:10:31,2014-08-19,2014-08-19,604,5,3.79,,,-73.9427719116211,40.84004211425781,-73.91610717773438,40.88268280029297,1,N,2,13.5,1.0,0.5,,0.0,2.44,,17.44,1
2,2014-08-20 18:46:29,2014-08-20 18:54:44,2014-08-20,2014-08-20,495,5,4.05,,,-73.94259643554688,40.840450286865234,-73.91323852539062,40.88899230957031,1,N,2,13.0,1.0,0.5,,0.0,2.44,,16.94,1
1,2014-05-14 22:30:05,2014-05-14 22:47:03,2014-05-14,2014-05-14,1018,2,7.5,,,-73.96649932861328,40.80432891845703,-73.90351104736328,40.887996673583984,1,N,2,23.0,0.5,0.5,,0.0,2.44,,26.44,1
1,2014-05-03 00:24:32,2014-05-03 00:41:09,2014-05-03,2014-05-03,997,2,8.4,,,-73.8967514038086,40.912593841552734,-73.95050048828125,40.821231842041016,1,N,2,24.5,0.5,0.5,,0.0,2.44,,27.94,1
1,2014-05-26 21:32:16,2014-05-26 21:53:36,2014-05-26,2014-05-26,1280,2,10.5,,,-73.9043197631836,40.90689468383789,-73.98688507080078,40.777610778808594,1,N,2,30.5,0.5,0.5,,0.0,2.44,,33.94,1
1,2014-05-26 23:29:18,2014-05-26 23:46:20,2014-05-26,2014-05-26,1022,2,6.4,,,-73.95277404785156,40.81081771850586,-73.91608428955078,40.88098907470703,1,N,2,20.5,0.5,0.5,,0.0,2.44,,23.94,1
2,2014-05-30 22:45:24,2014-05-30 23:10:55,2014-05-30,2014-05-30,1531,2,10.47,,,-73.95518493652344,40.78879165649414,-73.8971939086914,40.89872360229492,1,N,2,32.0,0.5,0.5,,0.0,2.44,,35.44,1
1,2014-09-06 00:04:12,2014-09-06 00:17:09,2014-09-06,2014-09-06,777,2,7.6,,,-73.93160247802734,40.86894226074219,-73.87641143798828,40.94590377807617,1,N,2,22.0,0.5,0.5,,0.0,2.44,,25.44,1
2,2014-09-06 03:03:14,2014-09-06 03:17:53,2014-09-06,2014-09-06,879,2,5.72,,,-73.93783569335938,40.847869873046875,-73.90234375,40.91592025756836,1,N,2,18.5,0.5,0.5,,0.0,2.44,,21.94,1
1,2014-09-19 20:47:50,2014-09-19 20:58:32,2014-09-19,2014-09-19,642,2,4.6,,,-73.9498062133789,40.82709503173828,-73.91815185546875,40.87708282470703,1,N,2,15.0,0.5,0.5,,0.0,2.44,,18.44,1
2,2014-09-04 21:12:20,2014-09-04 21:22:57,2014-09-04,2014-09-04,637,2,3.93,,,-73.94198608398438,40.84205627441406,-73.91804504394531,40.87674331665039,1,N,2,13.5,0.5,0.5,,0.0,2.44,,16.94,1
1,2014-09-03 21:48:30,2014-09-03 22:06:11,2014-09-03,2014-09-03,1061,2,7.4,,,-73.94723510742188,40.80581283569336,-73.90901947021484,40.89243698120117,1,N,2,23.0,0.5,0.5,,0.0,2.44,,26.44,1
1,2014-08-09 00:58:36,2014-08-09 01:10:06,2014-08-09,2014-08-09,690,2,3.9,,,-73.93949890136719,40.84135055541992,-73.91275024414062,40.8858642578125,1,N,2,13.5,0.5,0.5,,0.0,2.44,,16.94,1
2,2014-08-24 23:41:38,2014-08-24 23:53:25,2014-08-24,2014-08-24,707,2,5.96,,,-73.96370697021484,40.807861328125,-73.91675567626953,40.87902069091797,1,N,2,18.5,0.5,0.5,,0.0,2.44,,21.94,1
1,2014-08-25 00:40:20,2014-08-25 00:51:25,2014-08-25,2014-08-25,665,2,4.4,,,-73.93915557861328,40.8419075012207,-73.90506744384766,40.88824462890625,1,Y,2,14.5,0.5,0.5,,0.0,2.44,,17.94,1
1,2014-08-31 20:52:55,2014-08-31 21:05:17,2014-08-31,2014-08-31,742,2,6.2,,,-73.96295928955078,40.80897521972656,-73.91279602050781,40.885868072509766,1,N,2,18.5,0.5,0.5,,0.0,2.44,,21.94,1
2,2014-08-31 21:35:58,2014-08-31 21:45:54,2014-08-31,2014-08-31,596,2,5.78,,,-73.95877838134766,40.82035446166992,-73.907470703125,40.88793182373047,1,N,2,17.0,0.5,0.5,,0.0,2.44,,20.44,1
1,2014-08-07 22:27:23,2014-08-07 22:51:19,2014-08-07,2014-08-07,1436,2,7.6,,,-73.95549011230469,40.804542541503906,-73.90501403808594,40.8861198425293,1,N,2,25.0,0.5,0.5,,0.0,2.44,,28.44,1
2,2014-05-14 21:20:45,2014-05-14 21:58:17,2014-05-14,2014-05-14,2252,2,16.36,,,-73.83023834228516,40.759437561035156,-73.79718017578125,40.593421936035156,1,N,2,47.5,0.5,0.5,,0.0,2.0,,50.5,1
2,2014-05-06 04:49:24,2014-05-06 05:32:13,2014-05-06,2014-05-06,2569,2,23.43,,,-73.90115356445312,40.75971221923828,-73.80875396728516,40.58991622924805,1,N,2,65.5,0.5,0.5,,0.0,2.0,,68.5,1
1,2014-05-07 04:08:47,2014-05-07 04:22:58,2014-05-07,2014-05-07,851,2,6.3,,,-73.88130187988281,40.74924850463867,-73.81199645996094,40.70499038696289,1,N,2,19.5,0.5,0.5,,0.0,2.0,,22.5,1
2,2014-05-27 03:28:44,2014-05-27 04:02:17,2014-05-27,2014-05-27,2013,2,18.03,,,-73.88674926757812,40.74745559692383,-73.81464385986328,40.58673858642578,1,N,2,50.5,0.5,0.5,,0.0,2.0,,53.5,1
2,2014-09-06 02:46:26,2014-09-06 02:56:42,2014-09-06,2014-09-06,616,2,1.31,,,-73.89514923095703,40.746334075927734,-73.89270782470703,40.74843978881836,1,N,2,8.0,0.5,0.5,,0.0,2.0,,11.0,1
2,2014-09-06 03:54:24,2014-09-06 04:03:48,2014-09-06,2014-09-06,564,2,1.46,,,-73.88311767578125,40.747581481933594,-73.86260986328125,40.75297164916992,1,N,2,8.0,0.5,0.5,,0.0,2.0,,11.0,1
2,2014-09-18 03:43:59,2014-09-18 03:53:43,2014-09-18,2014-09-18,584,2,1.29,,,-73.83045196533203,40.759910583496094,-73.82022094726562,40.76625061035156,1,N,2,8.5,0.5,0.5,,0.0,2.0,,11.5,1
1,2014-09-20 01:11:57,2014-09-20 02:27:57,2014-09-20,2014-09-20,4560,2,23.9,,,-73.97035217285156,40.645050048828125,-73.9289321899414,40.65612030029297,1,N,2,73.0,0.5,0.5,,0.0,2.0,,76.0,1
2,2014-09-22 00:21:08,2014-09-22 00:36:37,2014-09-22,2014-09-22,929,2,4.3,,,-73.8536148071289,40.752193450927734,-73.84781646728516,40.78694534301758,1,N,2,16.0,0.5,0.5,,0.0,2.0,,19.0,1
1,2014-09-28 00:12:48,2014-09-28 00:50:05,2014-09-28,2014-09-28,2237,2,24.1,,,-73.96533203125,40.71101760864258,-73.91128540039062,40.56079864501953,1,N,2,64.0,0.5,0.5,,0.0,2.0,,67.0,1
2,2014-08-17 03:00:09,2014-08-17 03:09:16,2014-08-17,2014-08-17,547,2,2.46,,,-73.83021545410156,40.75957107543945,-73.79261016845703,40.75309753417969,1,N,2,10.0,0.5,0.5,,0.0,2.0,,13.0,1
2,2014-08-31 01:02:12,2014-08-31 01:43:29,2014-08-31,2014-08-31,2477,2,22.63,,,-73.95805358886719,40.72187042236328,-73.84544372558594,40.578548431396484,1,N,2,61.5,0.5,0.5,,0.0,2.0,,64.5,1
2,2014-08-09 23:18:29,2014-08-10 00:01:45,2014-08-09,2014-08-10,2596,2,5.77,,,-73.96237182617188,40.71001052856445,-73.98622131347656,40.75933837890625,1,N,2,29.0,0.5,0.5,,0.0,2.0,,32.0,1
2,2014-08-12 02:24:09,2014-08-12 02:59:42,2014-08-12,2014-08-12,2133,2,21.31,,,-73.92181396484375,40.75547790527344,-73.83917236328125,40.57806396484375,1,N,2,57.0,0.5,0.5,,0.0,2.0,,60.0,1
1,2014-05-02 20:14:38,2014-05-02 20:25:21,2014-05-02,2014-05-02,643,2,3.5,,,-73.93994903564453,40.841060638427734,-73.9736557006836,40.86494064331055,1,N,2,13.0,0.5,0.5,,0.0,9.0,,23.0,1
2,2014-09-03 01:11:56,2014-09-03 01:46:47,2014-09-03,2014-09-03,2091,2,9.36,,,-73.96138000488281,40.71645736694336,-74.03996276855469,40.753726959228516,1,N,2,32.0,0.5,0.5,,0.0,9.0,,42.0,1
1,2014-09-18 03:22:28,2014-09-18 03:52:48,2014-09-18,2014-09-18,1820,2,13.6,,,-73.904296875,40.76483917236328,-74.03459930419922,40.742088317871094,1,N,2,39.5,0.5,0.5,,0.0,9.0,,49.5,1
1,2014-09-20 02:37:49,2014-09-20 03:06:51,2014-09-20,2014-09-20,1742,2,12.8,,,-73.92129516601562,40.86772155761719,-74.03912353515625,40.74171829223633,1,N,2,37.5,0.5,0.5,,0.0,9.0,,47.5,1
1,2014-09-20 00:03:04,2014-09-20 01:21:03,2014-09-20,2014-09-20,4679,2,13.0,,,-73.97630310058594,40.682552337646484,-74.0088882446289,40.784950256347656,1,N,2,56.5,0.5,0.5,,0.0,9.0,,66.5,1
1,2014-09-09 21:52:30,2014-09-09 22:23:19,2014-09-09,2014-09-09,1849,2,7.2,,,-73.98921966552734,40.693626403808594,-74.05579376220703,40.732303619384766,1,N,2,26.5,0.5,0.5,,0.0,9.0,,36.5,1
1,2014-09-14 04:57:00,2014-09-14 05:31:43,2014-09-14,2014-09-14,2083,2,21.3,,,-73.92020416259766,40.86088943481445,-74.20146179199219,40.91932678222656,1,N,2,57.0,0.5,0.5,,0.0,9.0,,67.0,1
1,2014-08-01 22:32:55,2014-08-01 22:54:45,2014-08-01,2014-08-01,1310,2,6.7,,,-73.96186828613281,40.80554962158203,-73.97212982177734,40.84434509277344,1,N,2,22.0,0.5,0.5,,0.0,9.0,,32.0,1
2,2014-08-08 23:07:45,2014-08-08 23:17:45,2014-08-08,2014-08-08,600,2,2.9,,,-73.93816375732422,40.84589385986328,-73.97561645507812,40.85249328613281,1,N,2,11.0,0.5,0.5,,0.0,9.0,,21.0,1
2,2014-08-10 21:33:13,2014-08-10 21:55:57,2014-08-10,2014-08-10,1364,2,5.9,,,-73.93976593017578,40.84120559692383,-73.96673583984375,40.85643768310547,1,N,2,18.0,0.5,0.5,,0.0,9.0,,28.0,1
1,2014-08-03 01:56:22,2014-08-03 02:24:07,2014-08-03,2014-08-03,1665,2,8.3,,,-73.986083984375,40.669395446777344,0.0,0.0,1,N,2,27.5,0.5,0.5,,0.0,9.0,,37.5,1
2,2014-08-08 00:37:34,2014-08-08 00:37:38,2014-08-08,2014-08-08,4,2,3.39,,,-73.97318267822266,40.8660774230957,-73.97318267822266,40.8660774230957,1,N,2,11.0,0.5,0.5,,0.0,9.0,,21.0,1
1,2014-05-24 22:21:28,2014-05-24 23:10:45,2014-05-24,2014-05-24,2957,2,18.3,,,-73.95341491699219,40.58714294433594,-73.98456573486328,40.759742736816406,1,N,2,57.0,0.5,0.5,,0.0,7.5,,65.5,1
2,2014-05-23 03:23:35,2014-05-23 03:50:55,2014-05-23,2014-05-23,1640,2,7.25,,,-73.94021606445312,40.834537506103516,-73.9103012084961,40.77907180786133,1,N,2,26.5,0.5,0.5,,0.0,7.5,,35.0,1
1,2014-05-02 21:27:46,2014-05-02 21:58:25,2014-05-02,2014-05-02,1839,2,19.3,,,-73.95365905761719,40.58732604980469,-73.9655532836914,40.75605010986328,1,N,2,52.0,0.5,0.5,,0.0,7.5,,60.5,1
1,2014-05-30 23:09:32,2014-05-30 23:27:03,2014-05-30,2014-05-30,1051,2,8.0,,,-73.91050720214844,40.769500732421875,-73.86111450195312,40.8388671875,1,N,2,24.5,0.5,0.5,,0.0,7.5,,33.0,1
2,2014-09-07 20:38:39,2014-09-07 21:11:01,2014-09-07,2014-09-07,1942,2,10.43,,,-73.92521667480469,40.75540542602539,-73.905029296875,40.878990173339844,1,N,2,35.5,0.5,0.5,,0.0,7.5,,44.0,1
1,2014-09-17 17:33:58,2014-09-17 18:21:11,2014-09-17,2014-09-17,2833,2,12.0,,,-73.95243835449219,40.7896728515625,-73.8308334350586,40.7862434387207,1,N,2,40.5,0.5,0.5,,0.0,7.5,,49.0,1
2,2014-09-25 21:27:41,2014-09-25 21:51:40,2014-09-25,2014-09-25,1439,2,9.9,,,-73.95011901855469,40.761573791503906,-73.9364242553711,40.853519439697266,1,N,2,29.0,0.5,0.5,,0.0,7.5,,37.5,1
1,2014-09-27 00:57:20,2014-09-27 01:23:42,2014-09-27,2014-09-27,1582,2,6.2,,,-73.94013977050781,40.70902633666992,-73.99646759033203,40.76332473754883,1,N,2,23.0,0.5,0.5,,0.0,7.5,,31.5,1
2,2014-09-11 20:27:14,2014-09-11 20:50:58,2014-09-11,2014-09-11,1424,2,7.55,,,-73.96082305908203,40.80680465698242,-73.87761688232422,40.754676818847656,1,N,2,24.5,0.5,0.5,,0.0,7.5,,33.0,1
1,2014-08-21 03:45:10,2014-08-21 04:03:15,2014-08-21,2014-08-21,1085,2,7.5,,,-73.95301818847656,40.82272720336914,-73.8965835571289,40.75975799560547,1,N,2,23.5,0.5,0.5,,0.0,7.5,,32.0,1
2,2014-08-24 04:15:52,2014-08-24 04:44:22,2014-08-24,2014-08-24,1710,2,11.35,,,-73.88671112060547,40.74736022949219,-73.89690399169922,40.857120513916016,1,N,2,35.0,0.5,0.5,,0.0,7.5,,43.5,1
1,2014-05-14 22:49:35,2014-05-14 23:43:25,2014-05-14,2014-05-14,3230,2,30.9,,,-73.84331512451172,40.755859375,-74.1032485961914,40.573760986328125,1,N,2,83.5,0.5,0.5,,0.0,10.66,,95.16,1
1,2014-05-31 05:47:58,2014-05-31 06:49:00,2014-05-31,2014-05-31,3662,2,27.8,,,-73.9116439819336,40.69989013671875,-74.18636322021484,40.52415466308594,1,Y,2,81.0,0.5,0.5,,0.0,10.66,,92.66,1
1,2014-09-04 20:34:58,2014-09-04 21:35:06,2014-09-04,2014-09-04,3608,2,25.0,,,-73.84501647949219,40.755191802978516,-73.84548950195312,40.75474548339844,1,Y,2,73.0,0.5,0.5,,0.0,10.66,,84.66,1
2,2014-09-12 21:09:45,2014-09-12 21:37:54,2014-09-12,2014-09-12,1689,2,12.07,,,-73.88428497314453,40.747501373291016,-73.86347961425781,40.86640548706055,1,N,2,36.5,0.5,0.5,,0.0,10.66,,48.16,1
2,2014-09-21 05:07:27,2014-09-21 06:08:15,2014-09-21,2014-09-21,3648,2,30.05,,,-73.95745086669922,40.722267150878906,-74.23648071289062,40.50041198730469,1,N,2,83.5,0.5,0.5,,0.0,10.66,,95.16,1
1,2014-09-24 05:03:56,2014-09-24 05:55:41,2014-09-24,2014-09-24,3105,2,26.3,,,-73.88512420654297,40.74750518798828,-73.88397979736328,40.74775314331055,1,N,2,74.5,0.5,0.5,,0.0,10.66,,86.16,1
1,2014-08-01 04:02:39,2014-08-01 04:02:39,2014-08-01,2014-08-01,0,2,0.0,,,-73.94178771972656,40.83856964111328,0.0,0.0,1,N,2,2.5,0.5,0.5,,0.0,10.66,,14.16,1
1,2014-08-06 04:59:29,2014-08-06 05:34:03,2014-08-06,2014-08-06,2074,2,21.1,,,-73.9441146850586,40.752174377441406,-74.11109924316406,40.629539489746094,1,N,2,57.0,0.5,0.5,,0.0,10.66,,68.66,1
1,2014-08-24 04:54:33,2014-08-24 05:32:23,2014-08-24,2014-08-24,2270,2,19.3,,,-73.89995574951172,40.74591827392578,-73.90042114257812,40.745147705078125,1,N,2,55.0,0.5,0.5,,0.0,10.66,,66.66,1
1,2014-05-24 23:12:52,2014-05-24 23:17:38,2014-05-24,2014-05-24,286,2,1.0,,,-73.93982696533203,40.7503776550293,-73.9532699584961,40.745323181152344,1,N,2,6.0,0.5,0.5,,0.0,0.5,,7.5,1
2,2014-05-25 00:31:51,2014-05-25 00:42:12,2014-05-25,2014-05-25,621,2,1.44,,,-73.9356689453125,40.796146392822266,-73.95002746582031,40.798912048339844,1,N,2,9.0,0.5,0.5,,0.0,3.0,,13.0,1
2,2014-05-25 02:25:17,2014-05-25 02:48:27,2014-05-25,2014-05-25,1390,2,8.17,,,-73.9226303100586,40.75284194946289,-74.04485321044922,40.73202133178711,1,N,2,25.0,0.5,0.5,,0.0,14.33,,40.33,1
1,2014-05-21 05:09:47,2014-05-21 05:43:50,2014-05-21,2014-05-21,2043,2,25.9,,,-73.9660873413086,40.80757522583008,-74.1820068359375,40.688148498535156,1,Y,2,68.5,0.5,0.5,,0.0,13.0,,82.5,1
1,2014-05-28 03:11:31,2014-05-28 03:26:50,2014-05-28,2014-05-28,919,2,5.0,,,-73.88414764404297,40.74755859375,-73.9250259399414,40.771976470947266,1,N,2,17.0,0.5,0.5,,0.0,2.5,,20.5,1
1,2014-09-24 20:09:56,2014-09-24 20:26:53,2014-09-24,2014-09-24,1017,2,3.7,,,-73.91788482666016,40.78337478637695,-73.95687866210938,40.74582290649414,1,N,2,15.0,0.5,0.5,,0.0,0.5,,16.5,1
1,2014-09-17 23:45:00,2014-09-17 23:57:03,2014-09-17,2014-09-17,723,2,3.4,,,-73.87574768066406,40.75067138671875,-73.81788635253906,40.761497497558594,1,N,2,12.0,0.5,0.5,,0.0,8.0,,21.0,1
1,2014-09-25 22:39:22,2014-09-25 23:25:11,2014-09-25,2014-09-25,2749,2,26.7,,,-73.95201110839844,40.790260314941406,-74.16272735595703,40.5851936340332,1,N,2,72.0,0.5,0.5,,0.0,15.99,,88.99,1
2,2014-09-28 04:31:26,2014-09-28 04:43:13,2014-09-28,2014-09-28,707,2,3.75,,,-73.83230590820312,40.6995964050293,-73.88444519042969,40.67845153808594,1,N,2,13.5,0.5,0.5,,0.0,0.5,,15.0,1
1,2014-09-01 22:50:31,2014-09-01 23:08:09,2014-09-01,2014-09-01,1058,2,10.4,,,-73.84526062011719,40.75485610961914,-73.98033142089844,40.744354248046875,1,N,2,29.5,0.5,0.5,,0.0,5.42,,35.92,1
1,2014-09-07 01:56:57,2014-09-07 02:06:32,2014-09-07,2014-09-07,575,2,3.7,,,-73.9352798461914,40.796138763427734,-73.92579650878906,40.77220153808594,1,N,2,13.0,0.5,0.5,,0.0,8.0,,22.0,1
1,2014-09-03 21:00:42,2014-09-03 21:17:29,2014-09-03,2014-09-03,1007,2,3.8,,,-73.9924087524414,40.68954849243164,-73.93561553955078,40.669979095458984,1,N,2,14.5,0.5,0.5,,0.0,2.5,,18.0,1
1,2014-09-11 00:19:58,2014-09-11 00:37:24,2014-09-11,2014-09-11,1046,2,8.9,,,-73.95394134521484,40.587345123291016,-73.8381576538086,40.57964324951172,1,N,2,25.5,0.5,0.5,,0.0,4.0,,30.5,1
1,2014-09-12 21:18:03,2014-09-12 22:13:18,2014-09-12,2014-09-12,3315,2,30.4,,,-73.98136901855469,40.57653045654297,-74.09571838378906,40.69679641723633,1,N,2,81.5,0.5,0.5,,0.0,19.66,,102.16,1
2,2014-09-22 22:41:41,2014-09-22 22:50:42,2014-09-22,2014-09-22,541,2,1.14,,,-73.83042907714844,40.75959777832031,-73.83056640625,40.7595329284668,1,N,2,6.0,0.5,0.5,,0.0,1.5,,8.5,1
2,2014-09-29 03:33:34,2014-09-29 04:01:28,2014-09-29,2014-09-29,1674,2,5.5,,,-73.83036041259766,40.75956344604492,-73.91797637939453,40.74208450317383,1,N,2,21.5,0.5,0.5,,0.0,1.5,,24.0,1
2,2014-09-14 00:44:31,2014-09-14 00:57:03,2014-09-14,2014-09-14,752,2,3.92,,,-73.83036041259766,40.75954818725586,-73.87857055664062,40.737239837646484,1,N,2,14.5,0.5,0.5,,0.0,1.5,,17.0,1
2,2014-09-14 02:04:59,2014-09-14 02:18:21,2014-09-14,2014-09-14,802,2,1.82,,,-73.89036560058594,40.74673843383789,-73.8578872680664,40.748653411865234,1,N,2,10.0,0.5,0.5,,0.0,1.5,,12.5,1
2,2014-09-14 20:36:50,2014-09-14 20:41:56,2014-09-14,2014-09-14,306,2,1.09,,,-73.83036804199219,40.75944519042969,-73.82701873779297,40.74770736694336,1,N,2,6.0,0.5,0.5,,0.0,1.5,,8.5,1
2,2014-08-04 00:36:42,2014-08-04 01:03:17,2014-08-04,2014-08-04,1595,2,10.81,,,-73.93348693847656,40.85005187988281,-74.02794647216797,40.77041244506836,1,N,2,33.0,0.5,0.5,,0.0,18.0,,52.0,1
1,2014-08-17 00:05:50,2014-08-17 00:33:13,2014-08-17,2014-08-17,1643,2,12.2,,,-73.98002624511719,40.575462341308594,-73.81939697265625,40.60634231567383,1,N,2,35.0,0.5,0.5,,0.0,4.0,,40.0,1
1,2014-08-01 20:31:43,2014-08-01 21:01:14,2014-08-01,2014-08-01,1771,2,14.3,,,-73.98688507080078,40.57656478881836,-74.16380310058594,40.6319694519043,1,N,2,43.0,0.5,0.5,,0.0,21.32,,65.32,1
1,2014-08-09 02:25:53,2014-08-09 03:03:56,2014-08-09,2014-08-09,2283,2,21.8,,,-73.97343444824219,40.68586730957031,-73.8481674194336,40.58157730102539,1,N,2,59.5,0.5,0.5,,0.0,4.5,,65.0,1
1,2014-08-10 21:46:14,2014-08-10 22:36:54,2014-08-10,2014-08-10,3040,2,16.2,,,-73.9814453125,40.68791198730469,-73.7838363647461,40.59731674194336,1,Y,2,51.0,0.5,0.5,,0.0,4.0,,56.0,1
2,2014-08-21 02:34:41,2014-08-21 02:34:42,2014-08-21,2014-08-21,1,2,2.53,,,0.0,0.0,-73.92466735839844,40.75468063354492,1,N,2,9.0,0.5,0.5,,0.0,0.2,,10.2,1
1,2014-08-23 20:51:59,2014-08-23 20:51:59,2014-08-23,2014-08-23,0,2,0.0,,,-73.861083984375,40.886741638183594,0.0,0.0,1,N,2,17.0,0.5,0.5,,0.0,8.0,,26.0,1
1,2014-08-28 01:01:33,2014-08-28 01:18:21,2014-08-28,2014-08-28,1008,2,7.5,,,-73.9549560546875,40.587642669677734,-73.84883880615234,40.57581329345703,1,N,2,22.0,0.5,0.5,,0.0,6.5,,29.5,1
2,2014-08-31 21:04:46,2014-08-31 21:54:04,2014-08-31,2014-08-31,2958,2,15.51,,,-73.95592498779297,40.74573516845703,-73.99559783935547,40.80733871459961,1,N,2,49.0,0.5,0.5,,0.0,14.33,,64.33,1
1,2014-05-25 03:28:40,2014-05-25 03:45:07,2014-05-25,2014-05-25,987,3,7.3,,,-73.8866958618164,40.73875427246094,-73.91547393798828,40.81632614135742,1,N,2,23.0,0.5,0.5,,0.0,7.5,,31.5,1
1,2014-05-23 00:29:33,2014-05-23 00:49:06,2014-05-23,2014-05-23,1173,3,13.3,,,-73.82588958740234,40.68977355957031,-73.8570785522461,40.840049743652344,1,N,2,37.0,0.5,0.5,,0.0,15.0,,53.0,1
1,2014-05-06 04:30:46,2014-05-06 04:38:16,2014-05-06,2014-05-06,450,3,2.0,,,-73.92796325683594,40.739219665527344,-73.92912292480469,40.758731842041016,1,N,2,8.5,0.5,0.5,,0.0,1.0,,10.5,1
1,2014-05-30 21:18:26,2014-05-30 21:52:13,2014-05-30,2014-05-30,2027,3,17.5,,,-73.94084167480469,40.84444808959961,-73.92967987060547,41.03842544555664,1,N,2,49.0,0.5,0.5,,0.0,9.0,,59.0,1
1,2014-05-31 04:10:31,2014-05-31 04:25:25,2014-05-31,2014-05-31,894,3,5.2,,,-73.91123962402344,40.768550872802734,-73.94615173339844,40.8163948059082,1,N,2,18.5,0.5,0.5,,0.0,7.5,,27.0,1
2,2014-09-02 21:07:48,2014-09-02 21:56:21,2014-09-02,2014-09-02,2913,3,8.44,,,-73.95789337158203,40.721927642822266,-74.07109069824219,40.72422790527344,1,N,2,35.0,0.5,0.5,,0.0,9.0,,45.0,1
1,2014-09-03 04:06:29,2014-09-03 04:14:12,2014-09-03,2014-09-03,463,3,2.4,,,-73.8619384765625,40.749977111816406,-73.86699676513672,40.732906341552734,1,N,2,9.0,0.5,0.5,,0.0,2.5,,12.5,1
1,2014-09-03 04:34:29,2014-09-03 04:58:31,2014-09-03,2014-09-03,1442,3,10.6,,,-73.87519073486328,40.74859619140625,-73.9360122680664,40.84695053100586,1,N,2,32.0,0.5,0.5,,0.0,15.33,,48.33,1
1,2014-09-05 23:24:58,2014-09-05 23:32:33,2014-09-05,2014-09-05,455,3,1.4,,,-73.86982727050781,40.7497444152832,-73.87360382080078,40.76918029785156,1,N,2,7.5,0.5,0.5,,0.0,2.5,,11.0,1
1,2014-09-16 01:07:46,2014-09-16 01:11:36,2014-09-16,2014-09-16,230,3,0.6,,,-73.87987518310547,40.74797439575195,-73.86835479736328,40.749168395996094,1,N,2,4.5,0.5,0.5,,0.0,1.0,,6.5,1
1,2014-09-16 04:48:48,2014-09-16 04:58:39,2014-09-16,2014-09-16,591,3,1.4,,,-73.87934875488281,40.748390197753906,-73.86637878417969,40.74897766113281,1,N,2,8.0,0.5,0.5,,0.0,2.0,,11.0,1
1,2014-09-05 04:03:41,2014-09-05 04:07:30,2014-09-05,2014-09-05,229,3,1.0,,,-73.8759765625,40.748329162597656,-73.8584976196289,40.75033950805664,1,N,2,5.0,0.5,0.5,,0.0,2.0,,8.0,1
1,2014-09-10 01:34:21,2014-09-10 01:38:36,2014-09-10,2014-09-10,255,3,0.7,,,-73.88255310058594,40.747798919677734,-73.8829116821289,40.75756072998047,1,N,2,5.0,0.5,0.5,,0.0,1.0,,7.0,1
1,2014-09-13 04:33:54,2014-09-13 04:39:24,2014-09-13,2014-09-13,330,3,1.3,,,-73.8765869140625,40.748382568359375,-73.8594970703125,40.74896240234375,1,N,2,6.5,0.5,0.5,,0.0,1.0,,8.5,1
1,2014-09-21 20:22:23,2014-09-21 20:34:43,2014-09-21,2014-09-21,740,3,2.7,,,-73.93366241455078,40.849525451660156,-73.9688949584961,40.84971237182617,1,N,2,11.5,0.5,0.5,,0.0,11.0,,23.5,1
1,2014-09-20 23:32:47,2014-09-20 23:40:35,2014-09-20,2014-09-20,468,3,1.0,,,-73.89129638671875,40.746795654296875,-73.8739013671875,40.74949264526367,1,N,2,7.0,0.5,0.5,,0.0,2.5,,10.5,1
1,2014-09-06 21:06:51,2014-09-06 21:17:00,2014-09-06,2014-09-06,609,3,3.2,,,-73.99584197998047,40.68243408203125,-74.01823425292969,40.70972442626953,1,N,2,11.5,0.5,0.5,,0.0,7.5,,20.0,1
1,2014-08-23 20:24:50,2014-08-23 20:32:24,2014-08-23,2014-08-23,454,3,0.9,,,-73.89030456542969,40.74699401855469,-73.88943481445312,40.745906829833984,1,N,2,6.5,0.5,0.5,,0.0,2.5,,10.0,1
1,2014-08-24 04:59:34,2014-08-24 05:25:12,2014-08-24,2014-08-24,1538,3,9.1,,,-73.86649322509766,40.749473571777344,-73.96472930908203,40.80089569091797,1,N,2,29.0,0.5,0.5,,0.0,7.53,,37.53,1
1,2014-08-28 03:54:39,2014-08-28 04:07:05,2014-08-28,2014-08-28,746,3,2.3,,,-73.87633514404297,40.748268127441406,-73.88378143310547,40.76144027709961,1,N,2,11.5,0.5,0.5,,0.0,2.5,,15.0,1
1,2014-08-02 21:20:59,2014-08-02 21:31:45,2014-08-02,2014-08-02,646,3,2.0,,,-73.97264099121094,40.651329040527344,-73.96902465820312,40.67232131958008,1,N,2,10.0,0.5,0.5,,0.0,1.0,,12.0,1
1,2014-05-10 00:03:10,2014-05-10 00:26:03,2014-05-10,2014-05-10,1373,4,9.8,,,-73.92034912109375,40.76789474487305,-73.93147277832031,40.843284606933594,1,N,2,30.5,0.5,0.5,,0.0,7.5,,39.0,1
2,2014-09-20 01:33:34,2014-09-20 02:21:55,2014-09-20,2014-09-20,2901,4,15.0,,,-73.94062042236328,40.72219467163086,-73.81771850585938,40.5848274230957,1,N,2,49.0,0.5,0.5,,0.0,2.0,,52.0,1
1,2014-09-30 05:01:18,2014-09-30 05:11:14,2014-09-30,2014-09-30,596,4,4.5,,,-73.87808227539062,40.739707946777344,-73.87187957763672,40.77454376220703,1,N,2,15.0,0.5,0.5,,0.0,2.0,,18.0,1
1,2014-09-20 20:09:50,2014-09-20 20:50:22,2014-09-20,2014-09-20,2432,4,15.6,,,-73.92425537109375,40.8270378112793,-74.08297729492188,40.828407287597656,1,N,2,47.0,0.5,0.5,,0.0,11.0,,59.0,1
1,2014-09-29 00:28:05,2014-09-29 00:36:22,2014-09-29,2014-09-29,497,4,0.6,,,-73.97883605957031,40.6839485168457,-73.98384857177734,40.680503845214844,1,N,2,7.0,0.5,0.5,,0.0,5.0,,13.0,1
1,2014-08-30 22:26:19,2014-08-30 22:49:34,2014-08-30,2014-08-30,1395,4,9.3,,,-73.81815338134766,40.58872985839844,-73.8995590209961,40.677268981933594,1,N,2,28.0,0.5,0.5,,0.0,2.0,,31.0,1
2,2014-08-30 23:05:33,2014-08-30 23:49:08,2014-08-30,2014-08-30,2615,4,19.87,,,-73.99058532714844,40.69976043701172,-74.21493530273438,40.662628173828125,1,N,2,56.5,0.5,0.5,,0.0,19.66,,77.16,1
1,2014-08-01 20:27:43,2014-08-01 21:03:54,2014-08-01,2014-08-01,2171,4,11.8,,,-73.94854736328125,40.78487777709961,-73.99268341064453,40.8089485168457,1,N,2,37.0,0.5,0.5,,0.0,9.0,,47.0,1
1,2014-08-01 21:42:18,2014-08-01 22:21:39,2014-08-01,2014-08-01,2361,4,12.8,,,-73.82915496826172,40.58101272583008,-73.92835235595703,40.7044677734375,1,N,2,39.0,0.5,0.5,,0.0,2.0,,42.0,1
1,2014-08-01 23:20:14,2014-08-01 23:57:06,2014-08-01,2014-08-01,2212,4,10.9,,,-73.8470230102539,40.745323181152344,-73.98265838623047,40.76451110839844,1,N,2,37.0,0.5,0.5,,0.0,7.5,,45.5,1
2,2014-05-23 20:06:13,2014-05-23 20:34:40,2014-05-23,2014-05-23,1707,5,5.25,,,-73.96150970458984,40.71649169921875,-73.98091125488281,40.75543212890625,1,N,2,22.0,0.5,0.5,,0.0,5.0,,28.0,1
2,2014-05-15 01:30:28,2014-05-15 02:03:23,2014-05-15,2014-05-15,1975,5,13.89,,,-73.81340789794922,40.728023529052734,-73.80746459960938,40.58924865722656,1,N,2,41.0,0.5,0.5,,0.0,2.0,,44.0,1
2,2014-09-26 03:51:53,2014-09-26 04:31:40,2014-09-26,2014-09-26,2387,5,9.93,,,-73.93903350830078,40.69916534423828,-74.07359313964844,40.72041320800781,1,N,2,34.5,0.5,0.5,,0.0,9.0,,44.5,1
2,2014-09-20 01:46:52,2014-09-20 02:15:55,2014-09-20,2014-09-20,1743,5,14.22,,,-73.9561538696289,40.71683120727539,-74.08441162109375,40.60486602783203,1,N,2,40.0,0.5,0.5,,0.0,11.0,,52.0,1
2,2014-09-27 01:49:53,2014-09-27 02:12:10,2014-09-27,2014-09-27,1337,6,9.45,,,-73.95523071289062,40.80461120605469,-74.0218734741211,40.847110748291016,1,N,2,29.0,0.5,0.5,,0.0,9.0,,39.0,1
2,2014-09-27 22:57:52,2014-09-28 00:19:28,2014-09-27,2014-09-28,4896,5,39.79,,,-73.92430877685547,40.74406051635742,-73.9885025024414,40.77654266357422,1,N,2,113.0,0.5,0.5,,0.0,7.77,,121.77,1
2,2014-09-28 00:16:06,2014-09-28 00:23:39,2014-09-28,2014-09-28,453,5,3.44,,,-73.93389892578125,40.8028564453125,-73.91299438476562,40.76634216308594,1,N,2,11.5,0.5,0.5,,0.0,7.5,,20.0,1
2,2014-08-13 23:23:15,2014-08-14 00:43:30,2014-08-13,2014-08-14,4815,5,63.14,,,-73.938232421875,40.8508415222168,-73.92537689208984,41.034019470214844,1,N,2,162.5,0.5,0.5,,0.0,9.0,,172.5,1
2,2014-08-08 23:26:36,2014-08-08 23:44:04,2014-08-08,2014-08-08,1048,5,2.51,,,-73.9225845336914,40.83195877075195,-73.94010162353516,40.83668518066406,1,N,2,13.0,0.5,0.5,,0.0,2.0,,16.0,1
2,2014-08-20 21:38:25,2014-08-20 22:22:04,2014-08-20,2014-08-20,2619,5,24.6,,,-73.91181945800781,40.77530288696289,-73.8507080078125,40.58167266845703,1,N,2,66.5,0.5,0.5,,0.0,2.0,,69.5,1
2,2014-05-09 21:56:16,2014-05-09 22:25:44,2014-05-09,2014-05-09,1768,6,15.85,,,-73.99235534667969,40.68989944458008,-74.16422271728516,40.63155746459961,1,N,2,45.0,0.5,0.5,,0.0,10.66,,56.66,1
1,2014-09-06 02:49:42,2014-09-06 03:09:39,2014-09-06,2014-09-06,1197,5,10.2,,,-73.98151397705078,40.57669448852539,-74.08003997802734,40.62914276123047,1,N,2,30.0,0.5,0.5,,0.0,10.66,,41.66,1
1,2014-09-21 20:09:18,2014-09-21 21:32:40,2014-09-21,2014-09-21,5002,3,29.1,,,-73.82752227783203,40.71295928955078,-73.78185272216797,40.64441680908203,1,N,2,89.0,0.5,0.5,,0.0,10.66,,100.66,1
2,2014-09-22 20:40:09,2014-09-22 21:12:02,2014-09-22,2014-09-22,1913,5,18.04,,,-73.95824432373047,40.681678771972656,-74.18028259277344,40.62736129760742,1,N,2,50.0,0.5,0.5,,0.0,10.66,,61.66,1
2,2014-09-20 22:06:13,2014-09-20 23:04:59,2014-09-20,2014-09-20,3526,3,21.68,,,-73.99423217773438,40.70308303833008,-74.13896942138672,40.61606216430664,1,N,2,62.5,0.5,0.5,,0.0,10.66,,74.16,1
2,2014-09-21 00:21:16,2014-09-21 01:15:42,2014-09-21,2014-09-21,3266,3,16.35,,,-73.97699737548828,40.68329620361328,-74.11155700683594,40.56501388549805,1,N,2,50.5,0.5,0.5,,0.0,10.66,,62.16,1
2,2014-09-10 22:25:30,2014-09-10 22:51:20,2014-09-10,2014-09-10,1550,5,14.2,,,-73.98497009277344,40.67906951904297,-74.16822814941406,40.640838623046875,1,N,2,39.0,0.5,0.5,,0.0,10.66,,50.66,1
2,2014-09-15 01:08:53,2014-09-15 01:51:51,2014-09-15,2014-09-15,2578,5,6.38,,,-73.93938446044922,40.72359085083008,-74.00435638427734,40.742431640625,1,N,2,30.0,0.5,0.5,,0.0,10.66,,41.66,1
2,2014-09-15 02:28:42,2014-09-15 02:57:47,2014-09-15,2014-09-15,1745,3,19.06,,,-73.96092987060547,40.7210578918457,-74.1650390625,40.61050796508789,1,N,2,51.5,0.5,0.5,,0.0,10.66,,63.16,1
1,2014-08-13 23:40:51,2014-08-13 23:59:06,2014-08-13,2014-08-13,1095,4,7.2,,,-73.91008758544922,40.7757568359375,-73.96636962890625,40.75779724121094,1,N,2,22.0,0.5,0.5,,0.0,10.66,,33.66,1
2,2014-08-30 21:40:11,2014-08-30 21:55:56,2014-08-30,2014-08-30,945,3,6.7,,,-73.91548919677734,40.77235412597656,-73.91797637939453,40.7705192565918,1,N,2,21.0,0.5,0.5,,0.0,10.66,,32.66,1
2,2014-08-31 01:35:17,2014-08-31 02:17:29,2014-08-31,2014-08-31,2532,5,20.55,,,-73.99043273925781,40.702606201171875,-74.17574310302734,40.5454216003418,1,N,2,58.0,0.5,0.5,,0.0,10.66,,69.66,1
1,2014-08-31 01:48:05,2014-08-31 02:20:25,2014-08-31,2014-08-31,1940,3,13.7,,,-73.97801208496094,40.68497085571289,-74.07479858398438,40.645118713378906,1,N,2,40.0,0.5,0.5,,0.0,10.66,,51.66,1
2,2014-08-03 03:31:40,2014-08-03 04:07:42,2014-08-03,2014-08-03,2162,6,23.11,,,-73.92082214355469,40.76762390136719,-74.1255111694336,40.636627197265625,1,N,2,61.5,0.5,0.5,,0.0,10.66,,73.16,1
2,2014-08-15 00:32:02,2014-08-15 01:19:21,2014-08-15,2014-08-15,2839,6,20.46,,,-73.90889739990234,40.67633056640625,-74.16940307617188,40.6346549987793,1,N,2,58.5,0.5,0.5,,0.0,10.66,,70.16,1
2,2014-05-08 22:14:14,2014-05-08 22:47:44,2014-05-08,2014-05-08,2010,5,16.98,,,-73.95492553710938,40.80496597290039,-73.84835815429688,40.91877746582031,1,N,2,47.5,0.5,0.5,,0.0,2.44,,50.94,1
2,2014-05-09 20:09:20,2014-05-09 20:23:10,2014-05-09,2014-05-09,830,5,3.22,,,-73.95960235595703,40.80857467651367,-73.91252136230469,40.88389587402344,1,N,2,12.0,0.5,0.5,,0.0,2.44,,15.44,1
2,2014-05-07 02:23:01,2014-05-07 02:33:34,2014-05-07,2014-05-07,633,5,5.02,,,-73.93865203857422,40.850955963134766,-73.90608978271484,40.90796661376953,1,N,2,15.5,0.5,0.5,,0.0,2.44,,18.94,1
2,2014-09-30 20:35:15,2014-09-30 20:45:55,2014-09-30,2014-09-30,640,5,3.52,,,-73.94233703613281,40.8424186706543,-73.91771697998047,40.87725067138672,1,N,2,12.0,0.5,0.5,,0.0,2.44,,15.44,1
2,2014-09-30 22:32:47,2014-09-30 22:58:38,2014-09-30,2014-09-30,1551,5,11.57,,,-73.94770050048828,40.804649353027344,-73.91690826416016,40.890533447265625,1,N,2,33.5,0.5,0.5,,0.0,2.44,,36.94,1
2,2014-09-19 00:56:09,2014-09-19 01:10:17,2014-09-19,2014-09-19,848,5,6.67,,,-73.9656982421875,40.80543899536133,-73.91727447509766,40.88154602050781,1,N,2,20.5,0.5,0.5,,0.0,2.44,,23.94,1
2,2014-09-04 21:53:40,2014-09-04 22:01:57,2014-09-04,2014-09-04,497,5,4.02,,,-73.9422607421875,40.84124755859375,-73.91299438476562,40.88836669921875,1,N,2,12.5,0.5,0.5,,0.0,2.44,,15.94,1
2,2014-09-12 23:33:37,2014-09-12 23:38:38,2014-09-12,2014-09-12,301,5,1.89,,,-73.92707061767578,40.865596771240234,-73.91344451904297,40.88517761230469,1,N,2,7.5,0.5,0.5,,0.0,2.44,,10.94,1
2,2014-09-13 21:55:14,2014-09-13 22:06:36,2014-09-13,2014-09-13,682,5,5.54,,,-73.95829772949219,40.81597137451172,-73.9136734008789,40.884578704833984,1,N,2,17.5,0.5,0.5,,0.0,2.44,,20.94,1
2,2014-08-13 20:58:03,2014-08-13 21:08:11,2014-08-13,2014-08-13,608,5,4.24,,,-73.9388656616211,40.85102844238281,-73.90483093261719,40.88865661621094,1,N,2,13.5,0.5,0.5,,0.0,2.44,,16.94,1
2,2014-08-18 00:16:10,2014-08-18 00:30:22,2014-08-18,2014-08-18,852,5,6.82,,,-73.96497344970703,40.80634689331055,-73.9076156616211,40.87872314453125,1,N,2,21.0,0.5,0.5,,0.0,2.44,,24.44,1
2,2014-08-05 20:21:57,2014-08-05 20:36:52,2014-08-05,2014-08-05,895,5,6.5,,,-73.94799041748047,40.809024810791016,-73.92113494873047,40.87974548339844,1,N,2,20.0,0.5,0.5,,0.0,2.44,,23.44,1
2,2014-08-19 22:15:53,2014-08-19 22:28:31,2014-08-19,2014-08-19,758,5,5.84,,,-73.941162109375,40.83900451660156,-73.9011459350586,40.909751892089844,1,N,2,18.5,0.5,0.5,,0.0,2.44,,21.94,1
2,2014-08-20 20:29:33,2014-08-20 20:55:58,2014-08-20,2014-08-20,1585,5,15.47,,,-73.96511840820312,40.80616760253906,-73.90650939941406,40.906776428222656,1,N,2,42.0,0.5,0.5,,0.0,2.44,,45.44,1
1,2014-05-24 22:14:04,2014-05-24 22:30:23,2014-05-24,2014-05-24,979,3,7.9,,,-73.95751953125,40.81465530395508,-73.90642547607422,40.90680694580078,1,N,2,23.5,0.5,0.5,,0.0,2.44,,26.94,1
1,2014-05-23 20:02:46,2014-05-23 20:16:30,2014-05-23,2014-05-23,824,3,5.5,,,-73.94253540039062,40.84087371826172,-73.9073257446289,40.88014602661133,1,N,2,17.5,0.5,0.5,,0.0,2.44,,20.94,1
2,2014-09-01 00:25:15,2014-09-01 00:39:48,2014-09-01,2014-09-01,873,3,8.12,,,-73.96607208251953,40.80485153198242,-73.90496826171875,40.904022216796875,1,N,2,23.5,0.5,0.5,,0.0,2.44,,26.94,1
1,2014-09-13 01:30:49,2014-09-13 01:44:43,2014-09-13,2014-09-13,834,3,7.2,,,-73.96660614013672,40.8045539855957,-73.9051742553711,40.887306213378906,1,N,2,21.0,0.5,0.5,,0.0,2.44,,24.44,1
1,2014-09-10 20:26:01,2014-09-10 20:36:57,2014-09-10,2014-09-10,656,3,6.1,,,-73.94222259521484,40.8409538269043,-73.89765167236328,40.89120864868164,1,N,2,18.5,0.5,0.5,,0.0,2.44,,21.94,1
2,2014-08-17 00:41:53,2014-08-17 00:53:59,2014-08-17,2014-08-17,726,4,2.91,,,-73.93157196044922,40.86884689331055,-73.91056060791016,40.880306243896484,1,N,2,11.5,0.5,0.5,,0.0,2.44,,14.94,1
2,2014-05-02 23:01:31,2014-05-03 00:13:23,2014-05-02,2014-05-03,4312,6,28.12,,,-73.81731414794922,40.76520919799805,-74.0867691040039,40.612640380859375,1,N,1,81.5,0.5,0.5,,0.0,10.66,,93.16,1
1,2014-09-20 00:38:48,2014-09-20 01:26:15,2014-09-20,2014-09-20,2847,4,13.9,,,-73.97184753417969,40.68292236328125,-74.07516479492188,40.64521026611328,1,N,1,46.5,0.5,0.5,,0.0,10.66,,58.16,1
2,2014-09-13 02:42:30,2014-09-13 03:49:27,2014-09-13,2014-09-13,4017,2,56.94,,,-73.91796875,40.769996643066406,-73.11791229248047,40.91938400268555,1,N,1,148.5,0.5,0.5,,0.0,10.66,,160.16,1
2,2014-09-13 03:01:02,2014-09-13 03:18:36,2014-09-13,2014-09-13,1054,5,11.3,,,-73.82858276367188,40.83378982543945,-73.82268524169922,40.69850158691406,1,N,1,32.0,0.5,0.5,,0.0,10.66,,43.66,1
1,2014-09-16 23:44:24,2014-09-17 00:49:31,2014-09-16,2014-09-17,3907,2,27.4,,,-73.93867492675781,40.84625244140625,-74.02985382080078,40.61817169189453,1,N,1,79.0,0.5,0.5,,0.0,10.66,,90.66,1
2,2014-08-04 02:22:02,2014-08-04 02:45:43,2014-08-04,2014-08-04,1421,5,14.25,,,-73.95799255371094,40.72183609008789,-74.07209777832031,40.611045837402344,1,N,1,40.0,0.5,0.5,,0.0,10.66,,51.66,1
1,2014-08-31 01:48:26,2014-08-31 02:26:46,2014-08-31,2014-08-31,2300,2,20.0,,,-73.86095428466797,40.750545501708984,-73.857666015625,40.741336822509766,1,N,1,57.5,0.5,0.5,,0.0,10.66,,69.16,1
2,2014-08-24 22:19:43,2014-08-24 22:52:54,2014-08-24,2014-08-24,1991,3,15.41,,,-73.95167541503906,40.713924407958984,-74.09137725830078,40.61983108520508,1,N,1,42.5,0.5,0.5,,0.0,10.66,,54.16,1
2,2014-08-20 02:02:36,2014-08-20 02:31:04,2014-08-20,2014-08-20,1708,2,20.09,,,-73.94829559326172,40.70440673828125,-74.16356658935547,40.633445739746094,1,N,1,53.0,0.5,0.5,,0.0,10.66,,64.66,1
1,2014-05-24 21:55:59,2014-05-24 22:34:26,2014-05-24,2014-05-24,2307,2,22.7,,,-73.94487762451172,40.82902908325195,-73.77631378173828,40.645172119140625,1,N,1,62.5,0.5,0.5,,0.0,7.5,,71.0,1
1,2014-05-30 21:56:55,2014-05-30 22:09:38,2014-05-30,2014-05-30,763,2,3.8,,,-73.9550552368164,40.7343864440918,-73.9840316772461,40.74047088623047,1,N,1,13.5,0.5,0.5,,0.0,5.83,,20.33,1
2,2014-09-05 20:51:28,2014-09-05 21:06:20,2014-09-05,2014-09-05,892,2,6.73,,,-73.94105529785156,40.839229583740234,-73.90099334716797,40.921424865722656,1,N,1,20.5,0.5,0.5,,0.0,2.44,,23.94,1
1,2014-09-06 03:55:21,2014-09-06 04:03:59,2014-09-06,2014-09-06,518,2,1.8,,,-73.95268249511719,40.69502258300781,-73.98175048828125,40.69833755493164,1,N,1,8.5,0.5,0.5,,0.0,9.5,,19.0,1
2,2014-09-06 05:14:54,2014-09-06 05:46:51,2014-09-06,2014-09-06,1917,2,9.67,,,-73.88330078125,40.74781036376953,-73.85266876220703,40.681583404541016,1,N,1,32.0,0.5,0.5,,0.0,2.0,,35.0,1
1,2014-09-27 22:05:06,2014-09-27 22:41:35,2014-09-27,2014-09-27,2189,2,10.9,,,-73.9255142211914,40.74385452270508,-73.91876983642578,40.87162399291992,1,N,1,36.0,0.5,0.5,,0.0,15.0,,52.0,1
2,2014-09-20 22:02:34,2014-09-20 22:22:10,2014-09-20,2014-09-20,1176,2,7.12,,,-73.95269012451172,40.810691833496094,-73.90359497070312,40.88777542114258,1,N,1,23.0,0.5,0.5,,0.0,2.44,,26.44,1
1,2014-09-29 05:37:02,2014-09-29 06:27:08,2014-09-29,2014-09-29,3006,2,28.2,,,-73.90164947509766,40.86842346191406,-74.1767578125,40.694339752197266,1,N,1,78.5,0.5,0.5,,0.0,9.0,,88.5,1
1,2014-09-16 20:44:50,2014-09-16 21:25:20,2014-09-16,2014-09-16,2430,2,18.9,,,-73.95262908935547,40.677146911621094,-73.9681625366211,40.579524993896484,1,N,1,53.0,0.5,0.5,,0.0,21.32,,75.32,1
2,2014-08-01 20:53:37,2014-08-01 21:21:22,2014-08-01,2014-08-01,1665,2,7.04,,,-73.95392608642578,40.743255615234375,-74.00659942626953,40.70800018310547,1,N,1,26.0,0.5,0.5,,0.0,7.33,,34.33,1
2,2014-08-20 21:21:32,2014-08-20 22:06:54,2014-08-20,2014-08-20,2722,2,17.16,,,-73.96360778808594,40.71681594848633,-73.8170394897461,40.585784912109375,1,N,1,51.0,0.5,0.5,,0.0,2.0,,54.0,1
2,2014-08-11 23:05:59,2014-08-11 23:40:05,2014-08-11,2014-08-11,2046,2,6.54,,,-73.95771026611328,40.721927642822266,-74.00406646728516,40.756736755371094,1,N,1,27.0,0.5,0.5,,0.0,2.0,,30.0,1
2,2014-05-25 02:12:00,2014-05-25 02:19:40,2014-05-25,2014-05-25,460,6,1.44,,,-73.95672607421875,40.81760025024414,-73.9439926147461,40.81510543823242,1,N,1,7.5,0.5,0.5,,0.0,2.0,,10.5,1
2,2014-05-08 22:38:53,2014-05-08 23:25:19,2014-05-08,2014-05-08,2786,5,11.81,,,-73.9299545288086,40.681297302246094,-74.00621032714844,40.73948669433594,1,N,1,41.0,0.5,0.5,,0.0,18.0,,60.0,1
2,2014-09-20 02:54:45,2014-09-20 03:32:31,2014-09-20,2014-09-20,2266,3,23.12,,,-73.91523742675781,40.76059341430664,-74.13909149169922,40.60878372192383,1,N,1,61.5,0.5,0.5,,0.0,15.0,,77.5,1
2,2014-09-20 00:29:58,2014-09-20 01:03:19,2014-09-20,2014-09-20,2001,3,8.18,,,-73.9902572631836,40.69400405883789,-73.99152374267578,40.7503662109375,1,N,1,27.5,0.5,0.5,,0.0,7.5,,36.0,1
1,2014-09-13 01:54:25,2014-09-13 02:16:31,2014-09-13,2014-09-13,1326,3,10.5,,,-73.88682556152344,40.747474670410156,-73.90470886230469,40.86265563964844,1,N,1,32.0,0.5,0.5,,0.0,7.5,,40.5,1
2,2014-09-29 00:52:20,2014-09-29 01:04:01,2014-09-29,2014-09-29,701,3,6.32,,,-73.9638442993164,40.80800247192383,-73.9126968383789,40.88594055175781,1,N,1,19.0,0.5,0.5,,0.0,2.44,,22.44,1
1,2014-08-31 03:42:45,2014-08-31 04:17:01,2014-08-31,2014-08-31,2056,3,13.3,,,-73.9502182006836,40.826515197753906,-74.06925964355469,40.73255157470703,1,N,1,39.5,0.5,0.5,,0.0,9.0,,49.5,1
2,2014-08-19 23:45:13,2014-08-20 00:19:37,2014-08-19,2014-08-20,2064,5,13.45,,,-73.92609405517578,40.82816696166992,-74.02408599853516,40.77313232421875,1,N,1,39.5,0.5,0.5,,0.0,9.0,,49.5,1
1,2014-09-27 20:28:29,2014-09-27 20:29:40,2014-09-27,2014-09-27,71,2,0.0,,,-73.93352508544922,40.61463928222656,-73.93353271484375,40.61464309692383,1,N,3,3.0,0.5,0.5,,0.0,13.5,,17.5,1
1,2014-09-04 20:00:02,2014-09-04 20:18:26,2014-09-04,2014-09-04,1104,2,7.0,,,-73.9644546508789,40.80692672729492,-73.9212646484375,40.88032150268555,1,N,4,21.5,0.5,0.5,,0.0,2.44,,24.94,1
1,2014-09-10 05:21:48,2014-09-10 05:38:02,2014-09-10,2014-09-10,974,2,7.8,,,-73.8873519897461,40.74747848510742,-73.95348358154297,40.78775405883789,1,N,4,24.0,0.5,0.5,,0.0,7.5,,32.5,1
1,2014-09-10 05:52:30,2014-09-10 06:18:03,2014-09-10,2014-09-10,1533,2,9.0,,,-73.94825744628906,40.82902908325195,-73.86183166503906,40.76852035522461,1,N,4,28.5,0.5,0.5,,0.0,514.41,,543.91,1
2,2014-05-31 01:46:03,2014-05-31 01:51:45,2014-05-31,2014-05-31,342,5,2.68,,,-73.93924713134766,40.849422454833984,-73.97320556640625,40.86655044555664,4,N,2,13.0,0.5,0.5,,0.0,9.0,,23.0,1
2,2014-09-21 20:18:13,2014-09-21 21:24:10,2014-09-21,2014-09-21,3957,2,14.17,,,-73.92147064208984,40.766761779785156,-74.10417938232422,40.81117630004883,4,N,2,72.5,0.5,0.5,,0.0,18.0,,91.5,1
2,2014-08-16 20:07:03,2014-08-16 20:55:04,2014-08-16,2014-08-16,2881,2,22.57,,,-73.89414978027344,40.74797058105469,-74.07296752929688,40.811222076416016,4,N,1,79.5,0.5,0.5,,0.0,16.33,,96.83,1
2,2014-08-01 00:44:39,2014-08-01 01:24:04,2014-08-01,2014-08-01,2365,5,15.44,,,-73.99433898925781,40.70302963256836,-74.09194946289062,40.83696746826172,4,N,2,65.5,0.5,0.5,,0.0,9.0,,75.5,1
1,2014-08-01 02:33:25,2014-08-01 02:34:57,2014-08-01,2014-08-01,92,3,0.0,,,-73.95889282226562,40.72215270996094,-73.9581527709961,40.721839904785156,4,N,3,2.0,0.5,0.5,,0.0,250.0,,253.0,1
2,2014-08-09 22:47:31,2014-08-09 23:36:49,2014-08-09,2014-08-09,2958,2,13.36,,,-73.89053344726562,40.74713134765625,-74.05615997314453,40.73699188232422,4,N,2,49.5,0.5,0.5,,0.0,9.0,,59.5,1
2,2014-08-02 22:11:02,2014-08-02 22:55:51,2014-08-02,2014-08-02,2689,2,16.91,,,-73.84387969970703,40.75535583496094,-74.05097961425781,40.723148345947266,4,N,2,53.0,0.5,0.5,,0.0,9.0,,63.0,1
2,2014-08-08 00:04:04,2014-08-08 01:36:30,2014-08-08,2014-08-08,5546,5,18.45,,,-73.95761108398438,40.722190856933594,-74.0047836303711,40.87151336669922,4,N,2,100.0,0.5,0.5,,0.0,18.0,,119.0,1
2,2014-05-21 04:48:19,2014-05-21 05:22:40,2014-05-21,2014-05-21,2061,2,26.98,,,-73.95178985595703,40.712337493896484,-74.1833724975586,40.68816375732422,3,N,1,87.5,0.5,0.0,,0.0,10.66,,98.66,1
1,2014-09-05 05:13:52,2014-09-05 05:48:36,2014-09-05,2014-09-05,2084,2,20.7,,,-73.94683837890625,40.8066291809082,-74.1776123046875,40.69047546386719,3,N,3,73.0,0.5,0.0,,0.0,9.0,,82.5,1
1,2014-09-08 21:30:24,2014-09-08 21:44:20,2014-09-08,2014-09-08,836,3,0.0,,,-74.1552505493164,40.872154235839844,-74.15526580810547,40.87214279174805,1,N,2,9.0,0.5,0.0,,0.0,14.0,,23.5,2
1,2014-09-23 21:13:53,2014-09-23 21:28:31,2014-09-23,2014-09-23,878,3,5.7,,,-73.93946838378906,40.84809875488281,-73.96983337402344,40.83500671386719,3,N,2,35.5,0.5,0.0,,0.0,9.0,,45.0,1
1,2014-08-26 23:21:16,2014-08-26 23:38:00,2014-08-26,2014-08-26,1004,4,8.2,,,-73.964599609375,40.80681610107422,-73.96784973144531,40.88648223876953,3,N,2,41.5,0.5,0.0,,0.0,9.0,,51.0,1
1,2014-08-26 23:26:11,2014-08-26 23:35:35,2014-08-26,2014-08-26,564,3,4.1,,,-73.96371459960938,40.80821228027344,-73.95233917236328,40.85103988647461,3,N,2,31.0,0.5,0.0,,0.0,9.0,,40.5,1
1,2014-08-10 03:34:23,2014-08-10 04:10:11,2014-08-10,2014-08-10,2148,2,27.6,,,-73.9358901977539,40.79521179199219,-74.17708587646484,40.694969177246094,3,N,2,89.5,0.5,0.0,,0.0,9.0,,99.0,1
2,2014-08-24 23:18:42,2014-08-25 00:09:59,2014-08-24,2014-08-25,3077,3,6.48,,,-73.96755981445312,40.707611083984375,-74.04430389404297,40.72683334350586,3,N,1,53.0,0.5,0.0,,0.0,9.0,,62.5,1
1,2014-08-25 15:11:50,2014-08-25 15:55:18,2014-08-25,2014-08-25,2608,2,20.8,,,-73.95555877685547,40.79957962036133,-74.17880249023438,40.68909454345703,3,N,1,77.0,0.5,0.0,,0.0,19.0,,96.5,1
2,2014-08-03 02:42:09,2014-08-03 03:32:30,2014-08-03,2014-08-03,3021,3,23.88,,,-73.95182037353516,40.71571350097656,-74.0663833618164,40.897361755371094,3,N,2,87.0,0.5,0.0,,0.0,14.33,,101.83,1
2,2014-08-14 21:55:16,2014-08-14 22:20:29,2014-08-14,2014-08-14,1513,5,7.28,,,-73.95877838134766,40.809898376464844,-73.96593475341797,40.887916564941406,3,N,1,41.0,0.5,0.0,,0.0,9.0,,50.5,1
2,2014-08-20 05:04:59,2014-08-20 05:31:15,2014-08-20,2014-08-20,1576,5,16.35,,,-73.9725112915039,40.686500549316406,-74.17733764648438,40.69104766845703,3,N,2,62.5,0.5,0.0,,0.0,9.0,,72.0,1
1,2014-08-31 21:37:55,2014-08-31 21:59:18,2014-08-31,2014-08-31,1283,2,5.6,,,-73.98763275146484,40.70311737060547,-74.05501556396484,40.72908401489258,3,Y,1,36.5,0.5,0.0,,0.0,9.0,,46.0,1
1,2014-08-07 05:04:54,2014-08-07 05:34:27,2014-08-07,2014-08-07,1773,2,23.8,,,-73.937255859375,40.8566780090332,-74.17717742919922,40.69489669799805,3,N,2,80.0,0.5,0.0,,0.0,9.0,,89.5,1
1,2014-08-08 03:30:36,2014-08-08 03:48:12,2014-08-08,2014-08-08,1056,3,6.2,,,-73.92890167236328,40.852787017822266,-73.9988021850586,40.886810302734375,3,N,2,37.5,0.5,0.0,,0.0,9.0,,47.0,1
1,2014-05-20 12:07:58,2014-05-20 12:25:38,2014-05-20,2014-05-20,1060,3,3.0,,,-73.9321060180664,40.77263641357422,-73.93356323242188,40.77202606201172,1,N,3,14.0,0.0,0.5,,0.0,2.0,,16.5,1
1,2014-05-22 08:08:58,2014-05-22 08:34:54,2014-05-22,2014-05-22,1556,2,7.9,,,-73.96392822265625,40.80785369873047,-73.87281799316406,40.7744255065918,1,Y,3,27.5,0.0,0.5,,0.0,10.66,,38.66,1
1,2014-05-14 11:28:16,2014-05-14 11:28:36,2014-05-14,2014-05-14,20,2,5.5,,,-73.9188003540039,40.84101486206055,-73.9188003540039,40.84101486206055,1,N,3,2.5,0.0,0.5,,0.0,10.0,,13.0,1
1,2014-09-20 06:38:33,2014-09-20 07:51:57,2014-09-20,2014-09-20,4404,6,42.8,,,-73.94698333740234,40.6910285949707,-74.17723846435547,40.39299011230469,1,N,3,113.0,0.0,0.5,,0.0,16.5,,130.0,1
1,2014-09-20 19:24:07,2014-09-20 20:27:59,2014-09-20,2014-09-20,3832,4,39.3,,,-73.92423248291016,40.82693099975586,-74.44129943847656,40.87432861328125,1,N,3,104.5,0.0,0.5,,0.0,11.0,,116.0,1
1,2014-09-28 16:22:56,2014-09-28 16:36:59,2014-09-28,2014-09-28,843,2,6.3,,,-73.92146301269531,40.77325439453125,-73.9492416381836,40.7167854309082,1,N,3,19.0,0.0,0.5,,0.0,5.55,,25.05,1
1,2014-08-16 20:08:21,2014-08-16 20:28:25,2014-08-16,2014-08-16,1204,3,8.4,,,-74.04264068603516,40.731807708740234,-74.08363342285156,40.812294006347656,5,N,3,0.0,0.0,0.0,,0.0,19.4,,19.4,2
1,2014-08-18 15:41:25,2014-08-18 16:40:43,2014-08-18,2014-08-18,3558,2,16.2,,,-73.99300384521484,40.68783950805664,-74.17730712890625,40.69520568847656,3,Y,3,75.0,0.0,0.0,,0.0,11.0,,86.0,1
1,2014-08-27 15:56:33,2014-08-27 16:49:53,2014-08-27,2014-08-27,3200,2,16.9,,,-73.9979019165039,40.677886962890625,-74.1768798828125,40.69442367553711,3,Y,4,73.0,0.0,0.0,,0.0,16.33,,89.33,1
1,2014-08-14 11:02:47,2014-08-14 11:37:39,2014-08-14,2014-08-14,2092,3,13.3,,,-73.92839050292969,40.85188674926758,-73.98797607421875,40.990047454833984,3,N,4,55.5,0.0,0.0,,0.0,9.0,,64.5,1
2,2014-05-09 03:43:11,2014-05-09 04:11:48,2014-05-09,2014-05-09,1717,2,15.56,,,-73.96012878417969,40.71080017089844,-74.01380920410156,40.85175704956055,5,N,1,60.0,0.0,0.0,,0.0,9.0,,69.0,2
1,2014-05-27 12:55:10,2014-05-27 13:31:01,2014-05-27,2014-05-27,2151,2,16.7,,,-73.9670181274414,40.67735290527344,-74.17728424072266,40.69089126586914,1,N,1,48.5,0.0,0.5,,0.0,9.0,,58.0,1
2,2014-09-01 14:48:19,2014-09-01 15:22:12,2014-09-01,2014-09-01,2033,2,25.96,,,-73.95972442626953,40.8086051940918,-74.17704010009766,40.69135665893555,5,N,1,85.0,0.0,0.0,,0.0,9.0,,94.0,2
2,2014-09-27 03:36:16,2014-09-27 04:10:04,2014-09-27,2014-09-27,2028,2,10.85,,,-73.96250915527344,40.71756362915039,-74.00367736816406,40.78782272338867,5,N,1,70.0,0.0,0.0,,0.0,9.0,,79.0,2
2,2014-09-23 11:18:50,2014-09-23 12:35:43,2014-09-23,2014-09-23,4613,2,61.61,,,-73.9587173461914,40.81487274169922,-74.61923217773438,40.3175048828125,5,N,1,150.0,0.0,0.0,,0.0,9.0,,159.0,2
2,2014-08-18 13:27:43,2014-08-18 14:35:15,2014-08-18,2014-08-18,4052,2,22.91,,,-73.92538452148438,40.76170349121094,-74.17736053466797,40.69508743286133,3,N,1,87.0,0.0,0.0,,0.0,9.0,,96.0,1
2,2014-08-09 03:06:07,2014-08-09 03:18:43,2014-08-09,2014-08-09,756,2,5.5,,,-73.98492431640625,40.69709014892578,-74.03929901123047,40.74220657348633,5,N,1,75.0,0.0,0.0,,0.0,9.0,,84.0,2
2,2014-08-21 09:05:46,2014-08-21 10:44:02,2014-08-21,2014-08-21,5896,2,24.32,,,-73.9054183959961,40.70276641845703,-74.12362670898438,40.830318450927734,1,N,1,81.0,0.0,0.5,,0.0,9.0,,90.5,1
2,2014-08-03 00:02:42,2014-08-03 00:40:31,2014-08-03,2014-08-03,2269,2,9.01,,,-73.93714904785156,40.67973327636719,-74.06459045410156,40.72209930419922,5,N,1,84.0,0.0,0.0,,0.0,9.0,,93.0,2
1,2014-05-10 14:25:21,2014-05-10 15:10:19,2014-05-10,2014-05-10,2698,2,12.9,,,-73.98133087158203,40.57572555541992,-74.07244110107422,40.64360046386719,1,N,1,43.5,0.0,0.5,,0.0,10.66,,54.66,1
2,2014-05-31 14:19:32,2014-05-31 14:51:06,2014-05-31,2014-05-31,1894,2,14.55,,,-73.80671691894531,40.699127197265625,-73.97810363769531,40.71345138549805,1,N,1,42.0,0.0,0.5,,0.0,10.66,,53.16,1
2,2014-09-01 14:57:36,2014-09-01 16:59:31,2014-09-01,2014-09-01,7315,2,6.84,,,-73.95409393310547,40.742366790771484,-73.9303970336914,40.73672103881836,1,N,1,48.0,0.0,0.5,,0.0,10.66,,59.16,1
1,2014-09-01 19:29:23,2014-09-01 19:51:53,2014-09-01,2014-09-01,1350,2,12.1,,,-73.84489440917969,40.75507354736328,-73.97095489501953,40.755149841308594,1,N,1,33.5,0.0,0.5,,0.0,10.66,,44.66,1
2,2014-09-17 09:15:46,2014-09-17 09:48:28,2014-09-17,2014-09-17,1962,2,7.59,,,-73.87399291992188,40.72847366333008,-73.9828109741211,40.74774169921875,1,N,1,27.5,0.0,0.5,,0.0,10.66,,38.66,1
2,2014-09-02 08:22:01,2014-09-02 08:51:20,2014-09-02,2014-09-02,1759,2,3.4,,,-73.91880798339844,40.743263244628906,-73.97677612304688,40.74629592895508,1,N,1,19.0,0.0,0.5,,0.0,10.66,,30.16,1
2,2014-09-03 17:23:36,2014-09-03 20:35:36,2014-09-03,2014-09-03,11520,2,46.21,,,-73.8073501586914,40.66472625732422,-73.93463897705078,40.67945861816406,5,N,1,125.0,0.0,0.0,,0.0,10.66,,135.66,2
2,2014-09-29 16:58:10,2014-09-29 17:51:30,2014-09-29,2014-09-29,3200,2,14.46,,,-73.80733489990234,40.70033264160156,-74.00350952148438,40.75130081176758,5,N,1,55.0,0.0,0.0,,0.0,10.66,,65.66,2
1,2014-08-31 11:58:45,2014-08-31 13:19:56,2014-08-31,2014-08-31,4871,2,25.7,,,-73.96456909179688,40.68207550048828,-73.96559143066406,40.686790466308594,1,N,1,81.5,0.0,0.5,,0.0,10.66,,92.66,1
2,2014-09-17 15:09:22,2014-09-17 15:23:41,2014-09-17,2014-09-17,859,2,7.53,,,-73.93035888671875,40.86643981933594,-73.8949966430664,40.9340934753418,5,N,1,22.0,0.0,0.0,,0.0,2.44,,24.44,2
1,2014-09-18 08:40:51,2014-09-18 09:21:11,2014-09-18,2014-09-18,2420,2,15.8,,,-73.96411895751953,40.71232986450195,-74.17779541015625,40.695556640625,3,N,1,65.5,0.0,0.0,,0.0,11.0,,76.5,1
2,2014-09-19 15:40:16,2014-09-19 16:19:30,2014-09-19,2014-09-19,2354,2,23.07,,,-73.94174194335938,40.84333038330078,-74.18268585205078,40.68779373168945,3,N,1,80.0,0.0,0.0,,0.0,16.0,,96.0,1
2,2014-09-12 16:04:23,2014-09-12 16:20:56,2014-09-12,2014-09-12,993,2,4.43,,,-73.93936920166016,40.84836196899414,-73.98391723632812,40.82947540283203,5,N,1,45.0,0.0,0.0,,0.0,11.0,,56.0,2
1,2014-09-13 02:18:21,2014-09-13 02:26:52,2014-09-13,2014-09-13,511,2,1.5,,,-73.86885070800781,40.75882339477539,-73.85850524902344,40.74604415893555,5,N,1,8.0,0.0,0.0,,0.0,8.0,,16.0,2
2,2014-09-21 16:06:04,2014-09-21 16:58:33,2014-09-21,2014-09-21,3149,2,28.9,,,-73.92752075195312,40.83015441894531,-74.17723846435547,40.69506072998047,3,N,1,97.5,0.0,0.0,,0.0,10.25,,107.75,1
2,2014-09-14 18:35:00,2014-09-14 19:18:10,2014-09-14,2014-09-14,2590,2,16.19,,,-73.97578430175781,40.68757247924805,-74.17745971679688,40.695308685302734,3,N,1,68.0,0.0,0.0,,0.0,11.0,,79.0,1
1,2014-08-18 08:39:27,2014-08-18 09:22:54,2014-08-18,2014-08-18,2607,2,17.5,,,-73.88580322265625,40.75546646118164,-73.7203369140625,40.585941314697266,5,N,1,98.5,0.0,0.0,,0.0,2.0,,100.5,2
2,2014-08-26 21:37:15,2014-08-26 22:07:15,2014-08-26,2014-08-26,1800,2,17.93,,,-73.8505630493164,40.753562927246094,-73.9917984008789,40.91175079345703,5,N,1,80.0,0.0,0.0,,0.0,20.0,,100.0,2
2,2014-08-23 15:24:43,2014-08-23 16:09:29,2014-08-23,2014-08-23,2686,2,18.75,,,-73.99293518066406,40.692901611328125,-74.1770248413086,40.69489669799805,3,N,1,71.5,0.0,0.0,,0.0,16.33,,87.83,1
1,2014-08-28 14:03:40,2014-08-28 15:08:53,2014-08-28,2014-08-28,3913,2,21.5,,,-73.95801544189453,40.7217903137207,-74.17730712890625,40.69521713256836,3,N,1,83.5,0.0,0.0,,0.0,21.66,,105.16,1
1,2014-05-20 08:09:22,2014-05-20 08:10:41,2014-05-20,2014-05-20,79,2,5.1,,,-73.84056854248047,40.83686828613281,-73.84056854248047,40.83686447143555,1,N,1,3.0,0.0,0.5,,0.0,15.0,,18.5,1
1,2014-05-10 14:30:43,2014-05-10 15:22:08,2014-05-10,2014-05-10,3085,2,17.3,,,-73.95348358154297,40.68084716796875,-74.17749786376953,40.69073486328125,1,Y,1,54.5,0.0,0.5,,0.0,11.0,,66.0,1
2,2014-05-25 09:18:55,2014-05-25 09:33:09,2014-05-25,2014-05-25,854,2,8.33,,,-73.93999481201172,40.82732009887695,-73.87100219726562,40.773895263671875,1,N,1,24.0,0.0,0.5,,0.0,7.5,,32.0,1
1,2014-05-07 07:44:13,2014-05-07 08:00:53,2014-05-07,2014-05-07,1000,2,5.5,,,-73.93343353271484,40.85528564453125,-73.9049072265625,40.907066345214844,1,N,1,18.5,0.0,0.5,,0.0,2.44,,21.44,1
1,2014-05-17 17:13:14,2014-05-17 17:13:39,2014-05-17,2014-05-17,25,2,2.6,,,-73.96216583251953,40.71979522705078,-73.96216583251953,40.71979522705078,1,N,1,2.5,0.0,0.5,,0.0,15.0,,18.0,1
2,2014-08-13 11:51:45,2014-08-13 12:04:28,2014-08-13,2014-08-13,763,2,4.45,,,-73.93928527832031,40.84170150756836,-73.90547943115234,40.88732147216797,1,N,1,16.0,0.0,0.5,,0.0,2.44,,18.94,1
2,2014-08-26 15:39:35,2014-08-26 17:26:21,2014-08-26,2014-08-26,6406,2,23.92,,,-73.95238494873047,40.72334671020508,-74.17756652832031,40.69070816040039,1,N,1,89.0,0.0,0.5,,0.0,11.0,,100.5,1
2,2014-08-25 08:36:06,2014-08-25 08:57:14,2014-08-25,2014-08-25,1268,2,7.46,,,-73.95079803466797,40.82574462890625,-73.90636444091797,40.912254333496094,1,N,1,24.0,0.0,0.5,,0.0,2.44,,26.94,1
2,2014-08-31 08:10:40,2014-08-31 08:16:25,2014-08-31,2014-08-31,345,2,1.16,,,-73.83040618896484,40.759498596191406,-73.83244323730469,40.7520866394043,1,N,1,6.5,0.0,0.5,,0.0,1.0,,8.0,1
2,2014-05-02 14:05:27,2014-05-02 15:19:05,2014-05-02,2014-05-02,4418,3,17.79,,,-73.95079803466797,40.74354553222656,-74.1779556274414,40.689998626708984,5,N,1,110.0,0.0,0.0,,0.0,9.0,,119.0,2
2,2014-05-15 00:22:00,2014-05-15 01:14:26,2014-05-15,2014-05-15,3146,4,14.63,,,-73.84573364257812,40.76020431518555,-74.04339599609375,40.72024154663086,5,N,1,70.0,0.0,0.0,,0.0,9.0,,79.0,2
2,2014-05-26 17:28:22,2014-05-26 18:05:01,2014-05-26,2014-05-26,2199,5,12.84,,,-73.9496841430664,40.68043899536133,-73.81233215332031,40.590431213378906,1,N,1,40.0,0.0,0.5,,0.0,2.0,,42.5,1
2,2014-09-19 11:39:40,2014-09-19 11:45:58,2014-09-19,2014-09-19,378,3,3.53,,,-73.94306945800781,40.84033203125,-73.91541290283203,40.88304138183594,1,N,1,11.5,0.0,0.5,,0.0,2.44,,14.44,1
2,2014-09-27 08:08:48,2014-09-27 08:09:36,2014-09-27,2014-09-27,48,5,0.0,,,-73.88860321044922,40.87289047241211,-73.88863372802734,40.8729133605957,5,N,1,53.66,0.0,0.0,,0.0,9.0,,62.66,2
1,2014-09-27 17:31:56,2014-09-27 17:34:29,2014-09-27,2014-09-27,153,3,0.9,,,-73.98778533935547,40.700225830078125,-74.0008773803711,40.709190368652344,1,N,1,4.5,0.0,0.5,,0.0,9.0,,14.0,1
1,2014-09-10 10:34:35,2014-09-10 10:36:47,2014-09-10,2014-09-10,132,3,0.0,,,-73.92556762695312,40.828392028808594,-73.9255599975586,40.82838439941406,1,N,1,3.5,0.0,0.5,,0.0,8.0,,12.0,1
2,2014-09-22 21:54:51,2014-09-22 22:57:20,2014-09-22,2014-09-22,3749,0,22.67,,,-73.85720825195312,40.75807189941406,-74.12709045410156,40.87502670288086,5,N,1,120.0,0.0,0.0,,0.0,9.0,,129.0,2
2,2014-09-14 14:41:00,2014-09-14 15:27:18,2014-09-14,2014-09-14,2778,5,18.37,,,-73.95926666259766,40.718753814697266,-74.17706298828125,40.69492721557617,3,N,1,72.5,0.0,0.0,,0.0,18.0,,90.5,1
2,2014-08-18 11:54:34,2014-08-18 12:02:43,2014-08-18,2014-08-18,489,5,3.93,,,-73.94285583496094,40.840763092041016,-73.91104888916016,40.8858642578125,1,N,1,13.0,0.0,0.5,,0.0,2.44,,15.94,1
2,2014-08-01 12:31:57,2014-08-01 13:26:20,2014-08-01,2014-08-01,3263,3,34.45,,,-73.95252990722656,40.81084060668945,-74.1817855834961,40.68769836425781,3,N,1,107.5,0.0,0.0,,0.0,9.0,,116.5,1
1,2014-08-10 18:06:09,2014-08-10 19:21:04,2014-08-10,2014-08-10,4495,3,18.0,,,-73.9587173461914,40.6507453918457,-73.83592224121094,40.819305419921875,1,N,1,65.5,0.0,0.5,,0.0,7.5,,73.5,1
2,2014-08-25 12:09:41,2014-08-25 12:46:05,2014-08-25,2014-08-25,2184,5,8.06,,,-73.94419860839844,40.69963836669922,-74.06482696533203,40.72173309326172,1,N,1,30.0,0.0,0.5,,0.0,9.0,,39.5,1
2,2014-08-27 14:47:17,2014-08-27 15:03:04,2014-08-27,2014-08-27,947,5,8.5,,,-73.8795166015625,40.87506866455078,-73.94164276123047,40.83943557739258,1,N,1,25.0,0.0,0.5,,0.0,2.44,,27.94,1
2,2014-05-25 18:26:11,2014-05-25 18:51:35,2014-05-25,2014-05-25,1524,4,16.9,,,-73.93370056152344,40.802879333496094,-74.08432006835938,40.81150817871094,5,N,1,100.0,0.0,0.0,,0.0,11.0,,111.0,2
2,2014-05-24 13:01:00,2014-05-24 13:27:59,2014-05-24,2014-05-24,1619,3,7.97,,,-73.9290771484375,40.75755310058594,-74.01778411865234,40.774173736572266,4,N,1,30.5,0.0,0.5,,0.0,11.0,,42.0,1
2,2014-05-24 16:10:38,2014-05-24 17:41:18,2014-05-24,2014-05-24,5440,3,21.44,,,-73.9515609741211,40.71245574951172,-74.17790222167969,40.695499420166016,1,N,1,80.5,0.0,0.5,,0.0,11.0,,92.0,1
2,2014-09-28 14:47:30,2014-09-28 15:50:49,2014-09-28,2014-09-28,3799,5,17.89,,,-73.94865417480469,40.66997528076172,-74.18163299560547,40.687721252441406,3,N,1,78.0,0.0,0.0,,0.0,11.0,,89.0,1
2,2014-08-10 14:28:40,2014-08-10 16:10:53,2014-08-10,2014-08-10,6133,5,16.96,,,-73.9545669555664,40.731937408447266,-74.17750549316406,40.69069290161133,3,N,1,95.0,0.0,0.0,,0.0,11.0,,106.0,1
2,2014-08-10 19:27:16,2014-08-10 20:07:00,2014-08-10,2014-08-10,2384,3,18.05,,,-73.99736022949219,40.691036224365234,-74.17694854736328,40.6624870300293,5,N,1,90.0,0.0,0.0,,0.0,11.0,,101.0,2
2,2014-08-23 20:43:08,2014-08-23 20:50:23,2014-08-23,2014-08-23,435,3,4.33,,,-73.9435806274414,40.840476989746094,-73.97415924072266,40.86723327636719,5,N,1,25.0,0.0,0.0,,0.0,11.0,,36.0,2
2,2014-08-08 09:12:06,2014-08-08 09:33:10,2014-08-08,2014-08-08,1264,5,11.42,,,-73.93902587890625,40.80089569091797,-74.03022003173828,40.90838623046875,1,N,1,32.5,0.0,0.5,,0.0,11.0,,44.0,1
2,2014-05-14 15:55:37,2014-05-14 16:15:46,2014-05-14,2014-05-14,1209,5,2.79,,,-73.95719146728516,40.74544906616211,-73.98650360107422,40.74579620361328,1,N,1,14.5,0.0,0.5,,0.0,10.66,,25.66,1
2,2014-05-06 12:14:30,2014-05-06 12:36:03,2014-05-06,2014-05-06,1293,6,11.32,,,-73.94037628173828,40.840396881103516,-73.88542175292969,40.77315902709961,1,N,1,32.5,0.0,0.5,,0.0,10.66,,43.66,1
2,2014-09-25 06:59:15,2014-09-25 07:33:28,2014-09-25,2014-09-25,2053,3,13.31,,,-73.80765533447266,40.70022964477539,-73.94056701660156,40.8140869140625,1,N,1,39.0,0.0,0.5,,0.0,10.66,,50.16,1
2,2014-09-06 13:15:33,2014-09-06 13:57:04,2014-09-06,2014-09-06,2491,3,14.55,,,-73.80770874023438,40.700164794921875,-73.97938537597656,40.753517150878906,1,N,1,44.0,0.0,0.5,,0.0,10.66,,55.16,1
2,2014-09-18 06:04:10,2014-09-18 06:44:09,2014-09-18,2014-09-18,2399,3,19.15,,,-73.80734252929688,40.70061111450195,-73.84009552001953,40.9130973815918,1,N,1,55.5,0.0,0.5,,0.0,10.66,,66.66,1
2,2014-09-05 05:57:48,2014-09-05 06:28:28,2014-09-05,2014-09-05,1840,3,12.86,,,-73.80744171142578,40.700279235839844,-73.91362762451172,40.8041877746582,1,N,1,37.5,0.0,0.5,,0.0,10.66,,48.66,1
2,2014-09-05 11:08:37,2014-09-05 11:42:19,2014-09-05,2014-09-05,2022,5,4.16,,,-73.95611572265625,40.726051330566406,-73.99156951904297,40.75006866455078,1,N,1,22.5,0.0,0.5,,0.0,10.66,,33.66,1
2,2014-09-21 06:38:32,2014-09-21 07:04:06,2014-09-21,2014-09-21,1534,4,8.46,,,-73.86975860595703,40.74913024902344,-73.98533630371094,40.75609588623047,1,N,1,28.0,0.0,0.5,,0.0,10.66,,39.16,1
2,2014-08-21 10:47:30,2014-08-21 11:41:06,2014-08-21,2014-08-21,3216,5,12.07,,,-73.84394836425781,40.85615539550781,-74.00434112548828,40.6508903503418,1,N,1,40.0,0.0,0.5,,0.0,10.66,,51.16,1
2,2014-05-16 08:38:45,2014-05-16 09:26:26,2014-05-16,2014-05-16,2861,5,26.54,,,-73.96812438964844,40.80459213256836,-74.17737579345703,40.69526672363281,3,N,2,91.0,0.0,0.0,,0.0,11.0,,102.0,1
1,2014-05-24 15:25:31,2014-05-24 16:27:51,2014-05-24,2014-05-24,3740,5,17.6,,,-73.9477310180664,40.72349166870117,-74.17749786376953,40.69524002075195,3,N,2,77.5,0.0,0.0,,0.0,11.0,,88.5,1
2,2014-09-01 19:00:26,2014-09-01 19:16:58,2014-09-01,2014-09-01,992,6,8.13,,,-73.95045471191406,40.80234909057617,-73.97589874267578,40.862205505371094,3,N,2,41.0,0.0,0.0,,0.0,11.0,,52.0,1
2,2014-09-26 08:11:57,2014-09-26 08:28:14,2014-09-26,2014-09-26,977,5,4.06,,,-73.93583679199219,40.84638977050781,-73.97030639648438,40.837589263916016,3,N,2,32.5,0.0,0.0,,0.0,11.0,,43.5,1
1,2014-09-16 09:05:15,2014-09-16 09:07:35,2014-09-16,2014-09-16,140,0,0.4,,,-73.94957733154297,40.832862854003906,-73.94773864746094,40.83761215209961,5,N,2,0.0,0.0,0.0,,0.0,11.0,,11.0,2
2,2014-09-13 17:49:35,2014-09-13 18:33:16,2014-09-13,2014-09-13,2621,5,15.51,,,-73.96007537841797,40.71564483642578,-74.17798614501953,40.68992233276367,3,N,2,65.5,0.0,0.0,,0.0,11.0,,76.5,1
2,2014-09-28 13:03:00,2014-09-28 13:40:25,2014-09-28,2014-09-28,2245,5,28.46,,,-73.95418548583984,40.78725814819336,-74.17743682861328,40.690696716308594,3,N,2,93.0,0.0,0.0,,0.0,11.0,,104.0,1
2,2014-09-28 19:05:32,2014-09-28 19:56:44,2014-09-28,2014-09-28,3072,4,26.14,,,-73.99440002441406,40.70283126831055,-74.1780014038086,40.689849853515625,3,N,2,90.0,0.0,0.0,,0.0,11.0,,101.0,1
2,2014-09-28 19:25:40,2014-09-28 19:47:42,2014-09-28,2014-09-28,1322,3,3.14,,,-73.98448181152344,40.85399627685547,-73.94063568115234,40.84507369995117,5,N,2,0.5,0.0,0.0,,0.0,11.0,,11.5,2
1,2014-09-29 17:44:43,2014-09-29 18:28:12,2014-09-29,2014-09-29,2609,3,25.0,,,-73.94503784179688,40.82338333129883,-74.17778778076172,40.69013214111328,5,N,2,82.0,0.0,0.0,,0.0,11.0,,93.0,2
2,2014-09-10 18:56:49,2014-09-10 19:40:19,2014-09-10,2014-09-10,2610,3,20.69,,,-73.95306396484375,40.78762435913086,-74.17669677734375,40.69246292114258,5,N,2,70.0,0.0,0.0,,0.0,11.0,,81.0,2
2,2014-09-15 06:55:24,2014-09-15 07:38:53,2014-09-15,2014-09-15,2609,6,17.14,,,-74.01544952392578,40.68141174316406,-74.18180847167969,40.68768310546875,3,N,2,67.5,0.0,0.0,,0.0,11.0,,78.5,1
2,2014-08-16 13:22:02,2014-08-16 14:24:59,2014-08-16,2014-08-16,3777,3,15.86,,,-73.95931243896484,40.710243225097656,-74.17726135253906,40.69511795043945,5,N,2,50.0,0.0,0.0,,0.0,11.0,,61.0,2
2,2014-08-18 08:22:42,2014-08-18 09:03:56,2014-08-18,2014-08-18,2474,5,26.82,,,-73.9645767211914,40.80701446533203,-74.17728424072266,40.69520568847656,3,N,2,89.0,0.0,0.0,,0.0,11.0,,100.0,1
1,2014-08-25 18:31:15,2014-08-25 18:46:09,2014-08-25,2014-08-25,894,3,7.0,,,-73.93877410888672,40.84894943237305,-74.00763702392578,40.88404846191406,5,N,2,0.0,0.0,0.0,,0.0,11.0,,11.0,2
1,2014-08-14 06:20:38,2014-08-14 06:21:29,2014-08-14,2014-08-14,51,0,0.8,,,-73.93924713134766,40.84257507324219,-73.9391098022461,40.84307861328125,5,Y,2,0.0,0.0,0.0,,0.0,11.0,,11.0,2
2,2014-08-28 15:50:42,2014-08-28 16:49:01,2014-08-28,2014-08-28,3499,5,20.34,,,-73.95336151123047,40.79164505004883,-74.1781997680664,40.69566345214844,3,N,2,79.5,0.0,0.0,,0.0,11.0,,90.5,1
2,2014-08-30 13:18:38,2014-08-30 14:20:59,2014-08-30,2014-08-30,3741,4,17.99,,,-73.9847412109375,40.66325378417969,-74.17761993408203,40.69038391113281,5,N,2,85.0,0.0,0.0,,0.0,11.0,,96.0,2
2,2014-05-20 14:19:29,2014-05-20 14:52:17,2014-05-20,2014-05-20,1968,5,19.86,,,-73.95914459228516,40.815433502197266,-74.17717742919922,40.695037841796875,3,N,2,77.5,0.0,0.0,,0.0,9.0,,86.5,1
2,2014-05-22 11:10:53,2014-05-22 12:45:39,2014-05-22,2014-05-22,5686,3,19.45,,,-74.19055938720703,40.6870002746582,-73.97428131103516,40.75700759887695,5,N,2,95.0,0.0,0.0,,0.0,9.0,,104.0,2
1,2014-09-17 14:36:32,2014-09-17 15:35:44,2014-09-17,2014-09-17,3552,4,21.9,,,-73.90290069580078,40.7426872253418,-74.18159484863281,40.68766403198242,5,N,2,80.0,0.0,0.0,,0.0,9.0,,89.0,2
1,2014-09-18 15:07:46,2014-09-18 15:44:30,2014-09-18,2014-09-18,2204,3,24.7,,,-73.93930053710938,40.83466720581055,-74.1771240234375,40.691368103027344,3,N,2,83.5,0.0,0.0,,0.0,9.0,,92.5,1
2,2014-09-28 01:47:06,2014-09-28 02:18:12,2014-09-28,2014-09-28,1866,4,10.42,,,-73.9869613647461,40.66951370239258,-74.01292419433594,40.77239990234375,5,N,2,70.0,0.0,0.0,,0.0,9.0,,79.0,2
2,2014-09-03 15:13:49,2014-09-03 16:10:45,2014-09-03,2014-09-03,3416,5,23.98,,,-73.93983459472656,40.809539794921875,-74.17725372314453,40.6910514831543,3,N,2,86.5,0.0,0.0,,0.0,9.0,,95.5,1
2,2014-09-15 13:08:37,2014-09-15 13:55:08,2014-09-15,2014-09-15,2791,5,16.47,,,-73.9556884765625,40.72093200683594,-74.17733764648438,40.69078063964844,3,N,2,69.0,0.0,0.0,,0.0,9.0,,78.0,1
2,2014-08-18 12:13:26,2014-08-18 12:13:51,2014-08-18,2014-08-18,25,8,0.0,,,0.0,0.0,0.0,0.0,5,N,2,9.9,0.0,0.0,,0.0,9.0,,18.9,1
2,2014-08-06 11:28:26,2014-08-06 12:56:26,2014-08-06,2014-08-06,5280,6,20.37,,,-73.98918151855469,40.69343185424805,-74.17708587646484,40.69488525390625,3,N,2,95.0,0.0,0.0,,0.0,9.0,,104.0,1
2,2014-08-27 10:24:28,2014-08-27 10:25:07,2014-08-27,2014-08-27,39,5,0.0,,,-73.93769073486328,40.75831985473633,-73.93772888183594,40.75831604003906,3,N,2,20.0,0.0,0.0,,0.0,9.0,,29.0,1
1,2014-08-24 04:18:30,2014-08-24 04:35:38,2014-08-24,2014-08-24,1028,4,5.3,,,-73.92491912841797,40.86403274536133,-73.97799682617188,40.88255310058594,5,N,2,0.0,0.0,0.0,,0.0,9.0,,9.0,2
1,2014-05-21 09:38:50,2014-05-21 09:42:04,2014-05-21,2014-05-21,194,0,0.3,,,-73.94701385498047,40.78459548950195,-73.94935607910156,40.78144836425781,5,Y,2,0.0,0.0,0.0,,0.0,0.01,,0.01,2
2,2014-05-22 08:33:52,2014-05-22 09:40:16,2014-05-22,2014-05-22,3984,3,21.01,,,-73.95674133300781,40.71881103515625,-74.17826080322266,40.69562530517578,5,N,2,50.0,0.0,0.0,,0.0,16.33,,66.33,2
1,2014-05-16 09:02:14,2014-05-16 09:41:01,2014-05-16,2014-05-16,2327,0,4.4,,,-73.95465087890625,40.81564712524414,-73.93859100341797,40.82484817504883,5,N,2,0.0,0.0,0.0,,0.0,0.1,,0.1,1
2,2014-09-05 22:29:43,2014-09-05 23:42:46,2014-09-05,2014-09-05,4383,3,32.62,,,-73.81920623779297,40.71702575683594,-73.70808410644531,40.75349426269531,5,N,2,40.0,0.0,0.0,,0.0,10.66,,50.66,2
2,2014-09-04 17:40:34,2014-09-04 19:33:33,2014-09-04,2014-09-04,6779,5,30.43,,,-73.9680404663086,40.61165237426758,-73.99730682373047,40.593509674072266,5,N,2,25.5,0.0,0.0,,0.0,10.66,,36.16,2
1,2014-09-05 00:36:49,2014-09-05 01:22:25,2014-09-05,2014-09-05,2736,3,13.7,,,-73.88789367675781,40.766815185546875,-74.02959442138672,40.754180908203125,5,N,2,0.0,0.0,0.0,,0.0,14.33,,14.33,2
2,2014-09-21 22:33:08,2014-09-21 23:04:21,2014-09-21,2014-09-21,1873,4,9.22,,,-73.846435546875,40.71751022338867,-73.9913101196289,40.747257232666016,5,N,2,57.0,0.0,0.0,,0.0,10.66,,67.66,2
2,2014-09-15 19:04:31,2014-09-15 19:32:03,2014-09-15,2014-09-15,1652,3,12.52,,,-73.80748748779297,40.70036697387695,-73.96928405761719,40.750633239746094,5,N,2,62.0,0.0,0.0,,0.0,10.66,,72.66,2
1,2014-08-13 16:27:55,2014-08-13 16:36:32,2014-08-13,2014-08-13,517,0,1.0,,,-73.95454406738281,40.82095718383789,-73.95413970947266,40.81312942504883,5,Y,2,0.0,0.0,0.0,,0.0,3.0,,3.0,2
2,2014-08-13 16:43:29,2014-08-13 16:46:32,2014-08-13,2014-08-13,183,8,0.0,,,0.0,0.0,0.0,0.0,5,N,2,8.32,0.0,0.0,,0.0,27.67,,35.99,1
1,2014-08-10 05:10:55,2014-08-10 05:36:28,2014-08-10,2014-08-10,1533,0,4.8,,,-73.96660614013672,40.85736083984375,-73.93513488769531,40.85111999511719,5,N,2,0.0,0.0,0.0,,0.0,14.33,,14.33,2
1,2014-08-10 17:46:54,2014-08-10 18:17:15,2014-08-10,2014-08-10,1821,3,19.1,,,-73.9323959350586,40.86614227294922,-73.85677337646484,41.05032730102539,5,N,2,0.0,0.0,0.0,,0.0,2.44,,2.44,2
2,2014-05-14 13:19:39,2014-05-14 13:55:06,2014-05-14,2014-05-14,2127,5,20.82,,,-73.9621353149414,40.80535888671875,-74.17706298828125,40.694786071777344,3,N,2,74.0,0.0,0.0,,0.0,14.0,,88.0,1
2,2014-05-25 14:01:22,2014-05-25 14:54:03,2014-05-25,2014-05-25,3161,5,28.11,,,-73.94343566894531,40.799537658691406,-74.1788101196289,40.695701599121094,3,N,2,95.0,0.0,0.0,,0.0,21.0,,116.0,1
2,2014-09-11 12:39:15,2014-09-11 13:29:25,2014-09-11,2014-09-11,3010,5,19.58,,,-73.95691680908203,40.7446403503418,-74.17752838134766,40.690555572509766,3,N,2,77.0,0.0,0.0,,0.0,18.33,,95.33,1
2,2014-09-10 14:41:37,2014-09-10 15:59:28,2014-09-10,2014-09-10,4671,5,46.6,,,-73.93345642089844,40.84981155395508,-73.93991088867188,40.83796310424805,3,N,2,146.0,0.0,0.0,,0.0,18.0,,164.0,1
2,2014-08-01 14:28:54,2014-08-01 14:54:35,2014-08-01,2014-08-01,1541,6,6.69,,,-73.9456787109375,40.80776596069336,-73.90544128417969,40.74182891845703,1,N,2,23.5,0.0,0.0,,0.0,10.66,,34.16,2
2,2014-05-22 14:32:55,2014-05-22 15:04:48,2014-05-22,2014-05-22,1913,5,3.99,,,-73.95198822021484,40.78972625732422,-74.0237045288086,40.77015686035156,4,N,2,21.5,0.0,0.5,,0.0,9.0,,31.0,1
2,2014-05-16 11:05:26,2014-05-16 11:39:05,2014-05-16,2014-05-16,2019,5,17.9,,,-73.9573745727539,40.81167221069336,-73.79003143310547,40.64341354370117,2,N,2,52.0,0.0,0.5,,0.0,10.66,,63.16,1
2,2014-05-02 09:50:08,2014-05-02 10:07:32,2014-05-02,2014-05-02,1044,5,9.71,,,-73.93836975097656,40.850669860839844,-74.04983520507812,40.91475296020508,4,N,2,28.5,0.0,0.5,,0.0,11.0,,40.0,1
2,2014-09-11 12:48:54,2014-09-11 13:41:47,2014-09-11,2014-09-11,3173,5,10.51,,,-73.88410949707031,40.74592971801758,-74.04472351074219,40.72479248046875,4,N,2,42.5,0.0,0.5,,0.0,9.0,,52.0,1
2,2014-08-16 13:13:16,2014-08-16 13:42:11,2014-08-16,2014-08-16,1735,4,10.68,,,-73.9396743774414,40.84050369262695,-74.02499389648438,40.746761322021484,4,N,2,38.0,0.0,0.5,,0.0,13.0,,51.5,1
2,2014-08-27 10:19:02,2014-08-27 10:21:56,2014-08-27,2014-08-27,174,5,0.0,,,-73.93760681152344,40.75822067260742,-73.93758392333984,40.758365631103516,2,N,2,52.0,0.0,0.5,,0.0,34.33,,86.83,1
2,2014-08-13 13:32:15,2014-08-13 13:44:50,2014-08-13,2014-08-13,755,5,0.0,,,-73.93721771240234,40.758201599121094,0.0,0.0,1,N,2,8.5,0.0,0.5,,0.0,18.0,,27.0,1
2,2014-08-13 15:45:50,2014-08-13 15:55:41,2014-08-13,2014-08-13,591,5,0.0,,,0.0,0.0,0.0,0.0,1,N,2,7.0,0.0,0.5,,0.0,9.0,,16.5,1
2,2014-08-18 09:46:22,2014-08-18 12:09:38,2014-08-18,2014-08-18,8596,5,0.0,,,-73.93721771240234,40.758201599121094,0.0,0.0,1,N,2,74.0,0.0,0.5,,0.0,23.33,,97.83,1
2,2014-08-18 13:18:39,2014-08-19 12:20:25,2014-08-18,2014-08-19,82906,5,0.0,,,-73.93721771240234,40.758201599121094,0.0,0.0,1,N,2,3.0,0.0,0.5,,0.0,23.33,,26.83,1
2,2014-08-14 10:47:38,2014-08-15 00:00:00,2014-08-14,2014-08-15,47542,5,0.0,,,-73.93721771240234,40.758201599121094,0.0,0.0,1,N,2,186.5,0.0,0.5,,0.0,14.33,,201.33,1
2,2014-08-15 10:01:51,2014-08-16 00:00:00,2014-08-15,2014-08-16,50289,5,0.0,,,0.0,0.0,0.0,0.0,1,N,2,3.5,0.0,0.5,,0.0,118.54,,122.54,1
2,2014-08-15 10:05:20,2014-08-15 10:17:30,2014-08-15,2014-08-15,730,5,0.0,,,0.0,0.0,0.0,0.0,1,N,2,8.5,0.0,0.5,,0.0,106.43,,115.43,1
2,2014-08-15 10:17:54,2014-08-15 10:18:15,2014-08-15,2014-08-15,21,5,0.0,,,0.0,0.0,0.0,0.0,1,N,2,2.5,0.0,0.5,,0.0,99.99,,102.99,1
2,2014-08-15 10:18:40,2014-08-15 10:32:20,2014-08-15,2014-08-15,820,5,0.0,,,0.0,0.0,0.0,0.0,1,N,2,9.0,0.0,0.5,,0.0,107.6,,117.1,1
1,2014-05-22 11:32:43,2014-05-22 11:52:19,2014-05-22,2014-05-22,1176,3,6.3,,,-73.96348571777344,40.8088264465332,-73.91287994384766,40.88582229614258,1,N,2,22.0,0.0,0.5,,0.0,5.0,,27.5,1
1,2014-05-26 19:49:55,2014-05-26 20:43:11,2014-05-26,2014-05-26,3196,3,15.4,,,-73.82884979248047,40.579811096191406,-73.9587631225586,40.71684646606445,1,N,2,49.5,0.0,0.5,,0.0,2.0,,52.0,1
2,2014-09-02 15:07:57,2014-09-02 15:29:58,2014-09-02,2014-09-02,1321,3,7.77,,,-73.95413970947266,40.787288665771484,-73.96633911132812,40.848331451416016,1,N,2,25.0,0.0,0.5,,0.0,9.0,,34.5,1
2,2014-09-07 07:38:13,2014-09-07 08:04:01,2014-09-07,2014-09-07,1548,3,11.9,,,-73.80756378173828,40.70051193237305,-73.82573699951172,40.58176040649414,1,N,2,35.0,0.0,0.5,,0.0,4.0,,39.5,1
1,2014-09-04 19:48:53,2014-09-04 20:14:29,2014-09-04,2014-09-04,1536,3,7.8,,,-73.95330047607422,40.74488830566406,-73.85157775878906,40.75486373901367,1,N,2,24.5,0.0,0.5,,0.0,0.5,,25.5,1
1,2014-09-13 15:27:50,2014-09-13 15:33:01,2014-09-13,2014-09-13,311,3,0.8,,,-73.95417785644531,40.7425651550293,-73.9566421508789,40.74784469604492,1,N,2,5.5,0.0,0.5,,0.0,0.5,,6.5,1
2,2014-09-08 11:23:50,2014-09-08 12:19:24,2014-09-08,2014-09-08,3334,3,22.79,,,-73.98186492919922,40.689857482910156,-74.0982437133789,40.90691375732422,1,N,2,68.5,0.0,0.5,,0.0,9.0,,78.0,1
1,2014-09-29 07:29:14,2014-09-29 08:11:54,2014-09-29,2014-09-29,2560,3,10.3,,,-73.87711334228516,40.74837112426758,-73.92913055419922,40.85544967651367,1,N,2,36.5,0.0,0.5,,0.0,12.83,,49.83,1
2,2014-08-18 15:43:11,2014-08-19 15:02:51,2014-08-18,2014-08-19,83980,3,25.7,,,-73.977783203125,40.68470764160156,-74.17771911621094,40.690277099609375,1,N,2,78.0,0.0,0.5,,0.0,38.41,,116.91,1
1,2014-08-29 13:28:37,2014-08-29 14:23:23,2014-08-29,2014-08-29,3286,3,30.9,,,-73.9494857788086,40.7932014465332,-74.03266143798828,41.14310836791992,1,N,2,85.0,0.0,0.5,,0.0,9.0,,94.5,1
2,2014-08-31 07:49:48,2014-08-31 07:54:00,2014-08-31,2014-08-31,252,3,0.84,,,-73.83038330078125,40.759437561035156,-73.82381439208984,40.76628875732422,1,N,2,5.0,0.0,0.5,,0.0,1.0,,6.5,1
2,2014-05-25 16:34:38,2014-05-25 16:50:45,2014-05-25,2014-05-25,967,5,2.43,,,-73.9563980102539,40.70785140991211,-73.99474334716797,40.720550537109375,1,N,2,13.5,0.0,0.5,,0.0,6.5,,20.5,1
2,2014-05-31 09:16:17,2014-05-31 09:39:00,2014-05-31,2014-05-31,1363,5,9.28,,,-73.9430160522461,40.836387634277344,-73.99402618408203,40.9279670715332,1,N,2,28.0,0.0,0.5,,0.0,9.0,,37.5,1
2,2014-09-20 08:22:31,2014-09-20 09:17:41,2014-09-20,2014-09-20,3310,5,19.17,,,-73.90338134765625,40.74583435058594,-73.92738342285156,40.85523986816406,1,N,2,61.0,0.0,0.5,,0.0,14.33,,75.83,1
2,2014-09-19 14:21:53,2014-09-19 16:04:07,2014-09-19,2014-09-19,6134,5,18.38,,,-73.8918228149414,40.74870681762695,-74.04125213623047,40.77345657348633,1,N,2,74.0,0.0,0.5,,0.0,9.0,,83.5,1
1,2014-09-27 18:00:18,2014-09-27 18:10:34,2014-09-27,2014-09-27,616,4,2.1,,,-73.94844055175781,40.72317886352539,-73.95967102050781,40.74329376220703,1,N,2,10.0,0.0,0.5,,0.0,0.5,,11.0,1
2,2014-09-02 11:48:03,2014-09-02 12:41:01,2014-09-02,2014-09-02,3178,5,14.38,,,-73.93954467773438,40.850311279296875,-73.93574523925781,40.84870147705078,1,N,2,51.5,0.0,0.5,,0.0,4.88,,56.88,1
1,2014-09-10 08:27:35,2014-09-10 09:40:49,2014-09-10,2014-09-10,4394,4,6.1,,,-73.92552185058594,40.7617073059082,-73.93904876708984,40.74990463256836,1,N,2,44.0,0.0,0.5,,0.0,0.02,,44.52,1
2,2014-09-04 11:02:36,2014-09-04 11:43:49,2014-09-04,2014-09-04,2473,5,14.63,,,-73.9364242553711,40.84877395629883,-73.93544006347656,40.84833908081055,1,N,2,44.5,0.0,0.5,,0.0,4.88,,49.88,1
2,2014-09-04 15:24:57,2014-09-04 15:51:50,2014-09-04,2014-09-04,1613,5,7.16,,,-73.94950866699219,40.63466262817383,-73.8676986694336,40.56984329223633,1,N,2,26.5,0.0,0.5,,0.0,2.0,,29.0,1
2,2014-08-16 17:35:31,2014-08-16 17:44:42,2014-08-16,2014-08-16,551,5,4.52,,,-73.92696380615234,40.86567687988281,-73.8982162475586,40.911460876464844,1,N,2,14.5,0.0,0.5,,0.0,2.33,,17.33,1
2,2014-08-27 07:20:29,2014-08-27 08:02:47,2014-08-27,2014-08-27,2538,6,9.5,,,-73.95655822753906,40.74665069580078,-74.00518798828125,40.80078125,1,N,2,33.5,0.0,0.5,,0.0,16.33,,50.33,1
2,2014-08-27 12:36:48,2014-08-27 13:07:50,2014-08-27,2014-08-27,1862,5,10.0,,,-73.95915985107422,40.81421661376953,-73.97599029541016,40.82078170776367,1,N,2,31.5,0.0,0.5,,0.0,9.0,,41.0,1
2,2014-08-28 12:00:50,2014-08-28 12:02:41,2014-08-28,2014-08-28,111,5,0.0,,,-73.93779754638672,40.75830841064453,-73.93753814697266,40.75802230834961,1,N,2,3.0,0.0,0.5,,0.0,9.0,,12.5,1
1,2014-08-31 14:20:56,2014-08-31 14:28:13,2014-08-31,2014-08-31,437,4,1.3,,,-73.94538879394531,40.83359909057617,-73.93575286865234,40.849998474121094,1,N,2,7.5,0.0,0.5,,0.0,2.0,,10.0,1
2,2014-05-25 18:44:54,2014-05-25 20:02:03,2014-05-25,2014-05-25,4629,4,16.36,,,-73.90882873535156,40.68415069580078,-74.07357025146484,40.810115814208984,1,N,2,61.5,0.0,0.5,,0.0,11.0,,73.0,1
2,2014-05-24 15:04:34,2014-05-24 15:22:53,2014-05-24,2014-05-24,1099,5,11.36,,,-73.93921661376953,40.842403411865234,-74.07257843017578,40.81486511230469,1,N,2,32.0,0.0,0.5,,0.0,11.0,,43.5,1
2,2014-09-25 09:07:45,2014-09-25 09:54:44,2014-09-25,2014-09-25,2819,6,13.73,,,-73.94245147705078,40.8118782043457,-74.06983184814453,40.78246307373047,1,N,2,44.0,0.0,0.5,,0.0,11.0,,55.5,1
2,2014-09-11 07:11:28,2014-09-11 07:59:39,2014-09-11,2014-09-11,2891,4,17.1,,,-73.97476196289062,40.675437927246094,-74.1817398071289,40.687705993652344,1,N,2,54.0,0.0,0.5,,0.0,11.0,,65.5,1
2,2014-09-13 11:07:24,2014-09-13 12:03:12,2014-09-13,2014-09-13,3348,3,17.02,,,-73.87125396728516,40.734046936035156,-74.17874145507812,40.689449310302734,1,N,2,53.5,0.0,0.5,,0.0,11.0,,65.0,1
1,2014-09-20 17:43:49,2014-09-20 18:26:05,2014-09-20,2014-09-20,2536,3,10.0,,,-73.9371566772461,40.80469512939453,-73.99905395507812,40.81278610229492,1,N,2,34.5,0.0,0.5,,0.0,11.0,,46.0,1
1,2014-09-14 13:03:55,2014-09-14 13:24:55,2014-09-14,2014-09-14,1260,3,12.8,,,-73.9429931640625,40.8232421875,-74.07283782958984,40.815006256103516,1,N,2,35.5,0.0,0.5,,0.0,11.0,,47.0,1
2,2014-09-14 14:56:11,2014-09-14 15:52:41,2014-09-14,2014-09-14,3390,6,27.73,,,-73.9884033203125,40.69624328613281,-73.92138671875,41.01869583129883,1,N,2,78.5,0.0,0.5,,0.0,11.0,,90.0,1
1,2014-08-03 19:01:52,2014-08-03 19:09:31,2014-08-03,2014-08-03,459,3,2.6,,,-73.94001770019531,40.851341247558594,-73.96308898925781,40.85139083862305,1,N,2,10.0,0.0,0.5,,0.0,11.0,,21.5,1
1,2014-08-16 16:00:13,2014-08-16 16:44:35,2014-08-16,2014-08-16,2662,4,6.3,,,-73.966552734375,40.69222640991211,-74.03885650634766,40.72584915161133,1,N,2,30.0,0.0,0.5,,0.0,11.0,,41.5,1
2,2014-08-23 19:28:40,2014-08-23 20:24:49,2014-08-23,2014-08-23,3369,6,9.37,,,-74.0107421875,40.6722412109375,-74.0357894897461,40.72486114501953,1,N,2,37.5,0.0,0.5,,0.0,11.0,,49.0,1
1,2014-05-10 17:07:51,2014-05-10 17:44:29,2014-05-10,2014-05-10,2198,4,11.8,,,-73.9498519897461,40.69533157348633,-73.92453002929688,40.81083679199219,1,N,2,35.5,0.0,0.5,,0.0,7.5,,43.5,1
2,2014-05-15 14:32:21,2014-05-15 15:39:54,2014-05-15,2014-05-15,4053,6,18.54,,,-73.99458312988281,40.702999114990234,-73.86470031738281,40.770263671875,1,N,2,62.0,0.0,0.5,,0.0,7.5,,70.0,1
2,2014-09-01 18:07:30,2014-09-01 18:31:17,2014-09-01,2014-09-01,1427,3,9.66,,,-73.9542007446289,40.78741455078125,-73.84546661376953,40.754310607910156,1,N,2,30.0,0.0,0.5,,0.0,7.5,,38.0,1
1,2014-09-07 16:11:46,2014-09-07 16:32:28,2014-09-07,2014-09-07,1242,3,5.4,,,-73.9263687133789,40.70551681518555,-73.9771957397461,40.74549865722656,1,N,2,19.5,0.0,0.5,,0.0,7.5,,27.5,1
2,2014-09-19 14:05:51,2014-09-19 14:28:30,2014-09-19,2014-09-19,1359,4,11.85,,,-73.84609985351562,40.72259521484375,-73.92621612548828,40.82710647583008,1,N,2,34.0,0.0,0.5,,0.0,7.5,,42.0,1
2,2014-09-22 09:17:41,2014-09-22 09:35:27,2014-09-22,2014-09-22,1066,5,8.0,,,-73.94914245605469,40.78474044799805,-73.86488342285156,40.770416259765625,1,N,2,24.0,0.0,0.5,,0.0,7.5,,32.0,1
2,2014-09-27 18:20:58,2014-09-27 18:52:27,2014-09-27,2014-09-27,1889,3,3.1,,,-73.95092010498047,40.7449836730957,-73.98600006103516,40.7553596496582,1,N,2,20.5,0.0,0.5,,0.0,7.5,,28.5,1
1,2014-09-20 18:55:37,2014-09-20 19:30:38,2014-09-20,2014-09-20,2101,3,3.7,,,-73.9562759399414,40.74740982055664,-73.99238586425781,40.75836944580078,1,N,2,22.5,0.0,0.5,,0.0,7.5,,30.5,1
1,2014-08-09 10:22:55,2014-08-09 10:42:00,2014-08-09,2014-08-09,1145,4,4.2,,,-73.90351867675781,40.812339782714844,-73.92384338378906,40.793434143066406,1,N,2,17.0,0.0,0.5,,0.0,7.5,,25.0,1
2,2014-08-23 15:27:55,2014-08-23 16:19:33,2014-08-23,2014-08-23,3098,5,15.43,,,-73.91685485839844,40.83503341674805,-73.80683135986328,40.70134353637695,1,N,2,50.5,0.0,0.5,,0.0,7.5,,58.5,1
2,2014-08-20 14:38:13,2014-08-20 15:03:24,2014-08-20,2014-08-20,1511,5,9.31,,,-73.95379638671875,40.78786087036133,-73.8865737915039,40.76857376098633,1,N,2,28.5,0.0,0.5,,0.0,7.5,,36.5,1
1,2014-08-02 18:28:02,2014-08-02 18:47:54,2014-08-02,2014-08-02,1192,3,6.4,,,-73.93782806396484,40.80085754394531,-73.89637756347656,40.84627151489258,1,N,2,22.0,0.0,0.5,,0.0,7.5,,30.0,1
1,2014-05-16 13:10:41,2014-05-16 13:12:29,2014-05-16,2014-05-16,108,5,3.8,,,-73.94860076904297,40.74501037597656,-73.9486083984375,40.74501037597656,1,N,2,3.0,0.0,0.5,,0.0,10.66,,14.16,1
2,2014-05-27 10:16:26,2014-05-27 10:34:46,2014-05-27,2014-05-27,1100,3,3.05,,,-73.94924926757812,40.74269104003906,-73.98865509033203,40.73532485961914,1,N,2,13.5,0.0,0.5,,0.0,10.66,,24.66,1
2,2014-05-27 16:08:23,2014-05-28 15:43:11,2014-05-27,2014-05-28,84888,4,16.26,,,-73.8125228881836,40.6973762512207,-74.00630187988281,40.709228515625,1,N,2,47.0,0.0,0.5,,0.0,10.66,,58.16,1
2,2014-09-01 15:36:29,2014-09-01 15:56:34,2014-09-01,2014-09-01,1205,5,5.32,,,-73.96466827392578,40.806732177734375,-73.92247009277344,40.794891357421875,1,N,2,19.5,0.0,0.5,,0.0,10.66,,30.66,1
2,2014-09-06 13:08:22,2014-09-06 13:32:39,2014-09-06,2014-09-06,1457,5,10.27,,,-73.86267852783203,40.74987030029297,-73.82434844970703,40.82863235473633,1,N,2,31.0,0.0,0.5,,0.0,10.66,,42.16,1
2,2014-09-18 09:51:53,2014-09-18 10:45:21,2014-09-18,2014-09-18,3208,5,7.87,,,-73.9034652709961,40.745399475097656,-73.95732879638672,40.78521728515625,1,N,2,36.0,0.0,0.5,,0.0,10.66,,47.16,1
2,2014-09-18 09:55:23,2014-09-18 10:56:31,2014-09-18,2014-09-18,3668,5,25.4,,,-73.97999572753906,40.686798095703125,-73.99896240234375,40.6290283203125,1,N,2,71.5,0.0,0.5,,0.0,10.66,,82.66,1
2,2014-09-24 09:37:25,2014-09-24 10:03:45,2014-09-24,2014-09-24,1580,6,12.6,,,-73.93849182128906,40.80473327636719,-73.80209350585938,40.704715728759766,1,N,2,37.0,0.0,0.5,,0.0,10.66,,48.16,1
2,2014-09-19 10:01:31,2014-09-19 10:31:35,2014-09-19,2014-09-19,1804,3,4.91,,,-73.96546936035156,40.71286392211914,-73.97807312011719,40.752716064453125,1,N,2,21.0,0.0,0.5,,0.0,10.66,,32.16,1
2,2014-09-22 06:04:53,2014-09-22 06:23:53,2014-09-22,2014-09-22,1140,4,4.46,,,-73.91136932373047,40.744747161865234,-73.97846984863281,40.75278091430664,1,N,2,17.5,0.0,0.5,,0.0,10.66,,28.66,1
2,2014-09-07 11:37:58,2014-09-07 12:14:29,2014-09-07,2014-09-07,2191,3,12.7,,,-73.96092987060547,40.62300109863281,-74.08472442626953,40.59696578979492,1,N,2,40.0,0.0,0.5,,0.0,10.66,,51.16,1
2,2014-09-09 08:22:53,2014-09-09 09:40:44,2014-09-09,2014-09-09,4671,3,14.71,,,-73.80723571777344,40.699466705322266,-73.97523498535156,40.7656135559082,1,N,2,58.0,0.0,0.5,,0.0,10.66,,69.16,1
2,2014-08-27 08:10:24,2014-08-27 09:03:47,2014-08-27,2014-08-27,3203,3,13.36,,,-73.8075180053711,40.7001838684082,-73.99358367919922,40.75133514404297,1,N,2,45.0,0.0,0.5,,0.0,10.66,,56.16,1
2,2014-08-09 10:14:13,2014-08-09 10:23:48,2014-08-09,2014-08-09,575,3,3.84,,,-73.93758392333984,40.804237365722656,-73.9233169555664,40.794002532958984,1,N,2,12.5,0.0,0.5,,0.0,10.66,,23.66,1
2,2014-08-27 10:29:19,2014-08-28 10:28:23,2014-08-27,2014-08-28,86344,5,0.0,,,-73.93778991699219,40.758304595947266,-73.93762969970703,40.758296966552734,1,N,2,18.0,0.0,0.5,,0.0,10.66,,29.16,1
2,2014-08-30 17:57:55,2014-08-30 17:57:56,2014-08-30,2014-08-30,1,5,4.44,,,-73.92211151123047,40.79292678833008,-73.9214859008789,40.79390335083008,1,N,2,16.5,0.0,0.5,,0.0,10.66,,27.66,1
1,2014-08-31 15:54:36,2014-08-31 16:06:01,2014-08-31,2014-08-31,685,4,3.9,,,-73.91678619384766,40.77125930786133,-73.91976165771484,40.795372009277344,1,Y,2,13.5,0.0,0.5,,0.0,10.66,,24.66,1
2,2014-09-17 15:34:51,2014-09-17 15:44:16,2014-09-17,2014-09-17,565,6,4.02,,,-73.94296264648438,40.84031295776367,-73.91246795654297,40.88734817504883,1,N,2,13.5,0.0,0.5,,0.0,2.44,,16.44,1
2,2014-09-18 10:08:32,2014-09-18 10:22:18,2014-09-18,2014-09-18,826,3,6.42,,,-73.96358489990234,40.80827713012695,-73.9090576171875,40.88545608520508,1,N,2,20.0,0.0,0.5,,0.0,2.44,,22.94,1
2,2014-09-27 15:28:54,2014-09-27 15:46:21,2014-09-27,2014-09-27,1047,6,9.22,,,-73.95374298095703,40.790740966796875,-73.9061508178711,40.88752365112305,1,N,2,27.0,0.0,0.5,,0.0,2.44,,29.94,1
2,2014-09-23 11:33:09,2014-09-23 11:46:50,2014-09-23,2014-09-23,821,6,5.57,,,-73.94025421142578,40.84129333496094,-73.90119171142578,40.898338317871094,1,N,2,18.5,0.0,0.5,,0.0,2.44,,21.44,1
2,2014-09-06 19:13:34,2014-09-06 19:24:16,2014-09-06,2014-09-06,642,6,5.44,,,-73.94499969482422,40.83377456665039,-73.89877319335938,40.888919830322266,1,N,2,16.5,0.0,0.5,,0.0,2.44,,19.44,1
2,2014-09-14 15:51:37,2014-09-14 16:07:09,2014-09-14,2014-09-14,932,6,4.5,,,-73.93956756591797,40.84114456176758,-73.90840148925781,40.88692855834961,1,N,2,16.5,0.0,0.5,,0.0,2.44,,19.44,1
2,2014-08-21 07:26:36,2014-08-21 07:59:01,2014-08-21,2014-08-21,1945,6,12.29,,,-73.90660095214844,40.8817138671875,-73.99463653564453,40.74945068359375,1,N,2,37.0,0.0,0.5,,0.0,2.44,,39.94,1
2,2014-08-31 16:49:03,2014-08-31 17:09:05,2014-08-31,2014-08-31,1202,3,7.79,,,-73.94723510742188,40.808475494384766,-73.90894317626953,40.89159393310547,1,N,2,24.0,0.0,0.5,,0.0,2.44,,26.94,1
2,2014-05-09 06:51:51,2014-05-09 07:01:22,2014-05-09,2014-05-09,571,5,3.41,,,-73.93780517578125,40.84827423095703,-73.91327667236328,40.88717269897461,1,N,2,12.5,0.0,0.5,,0.0,2.44,,15.44,1
2,2014-05-20 15:02:59,2014-05-20 15:36:54,2014-05-20,2014-05-20,2035,5,12.33,,,-73.95989990234375,40.813682556152344,-73.87031555175781,40.87500762939453,1,N,2,38.5,0.0,0.5,,0.0,2.44,,41.44,1
2,2014-05-25 15:43:23,2014-05-25 15:54:53,2014-05-25,2014-05-25,690,5,6.03,,,-73.9606704711914,40.817317962646484,-73.90750122070312,40.887939453125,1,N,2,20.5,0.0,0.5,,0.0,2.44,,23.44,1
2,2014-09-18 07:36:17,2014-09-18 07:53:46,2014-09-18,2014-09-18,1049,5,9.47,,,-73.9408187866211,40.83964157104492,-73.88270568847656,40.94361114501953,1,N,2,27.0,0.0,0.5,,0.0,2.44,,29.94,1
2,2014-09-18 10:40:06,2014-09-18 10:52:36,2014-09-18,2014-09-18,750,5,6.46,,,-73.9620132446289,40.81233596801758,-73.9085922241211,40.88711929321289,1,N,2,19.5,0.0,0.5,,0.0,2.44,,22.44,1
2,2014-09-19 14:03:39,2014-09-19 14:14:06,2014-09-19,2014-09-19,627,5,5.13,,,-73.9505615234375,40.82817840576172,-73.90711212158203,40.88685607910156,1,N,2,16.5,0.0,0.5,,0.0,2.44,,19.44,1
2,2014-09-05 08:03:48,2014-09-05 08:25:38,2014-09-05,2014-09-05,1310,5,7.52,,,-73.96314239501953,40.80409240722656,-73.90290832519531,40.88951873779297,1,N,2,24.5,0.0,0.5,,0.0,2.44,,27.44,1
2,2014-09-12 14:40:44,2014-09-12 14:52:08,2014-09-12,2014-09-12,684,5,5.72,,,-73.9423599243164,40.84214782714844,-73.89739990234375,40.903045654296875,1,N,2,17.5,0.0,0.5,,0.0,2.44,,20.44,1
2,2014-09-16 12:04:07,2014-09-16 12:25:51,2014-09-16,2014-09-16,1304,5,11.58,,,-73.9573745727539,40.816776275634766,-73.896240234375,40.928192138671875,1,N,2,33.5,0.0,0.5,,0.0,2.44,,36.44,1
2,2014-09-18 15:33:46,2014-09-18 15:52:04,2014-09-18,2014-09-18,1098,5,8.25,,,-73.8797607421875,40.87978744506836,-73.94100952148438,40.84141159057617,1,N,2,25.5,0.0,0.5,,0.0,2.44,,28.44,1
2,2014-09-04 11:37:13,2014-09-04 11:46:53,2014-09-04,2014-09-04,580,5,4.4,,,-73.94241333007812,40.84149169921875,-73.9053955078125,40.890106201171875,1,N,2,14.5,0.0,0.5,,0.0,2.44,,17.44,1
2,2014-09-14 19:32:07,2014-09-14 19:45:51,2014-09-14,2014-09-14,824,5,6.2,,,-73.96220397949219,40.81024169921875,-73.91133880615234,40.8858757019043,1,N,2,19.0,0.0,0.5,,0.0,2.44,,21.94,1
2,2014-08-16 19:27:33,2014-08-16 19:37:22,2014-08-16,2014-08-16,589,5,3.91,,,-73.94254302978516,40.84242248535156,-73.9199447631836,40.87895202636719,1,N,2,12.5,0.0,0.5,,0.0,2.44,,15.44,1
2,2014-08-01 11:14:24,2014-08-01 11:36:18,2014-08-01,2014-08-01,1314,5,6.77,,,-73.94695281982422,40.81550216674805,-73.91407012939453,40.88523483276367,1,N,2,23.0,0.0,0.5,,0.0,2.44,,25.94,1
2,2014-08-10 03:50:41,2014-08-10 04:49:18,2014-08-10,2014-08-10,3517,5,27.54,,,-73.96115112304688,40.71654510498047,-73.8912582397461,40.95880889892578,1,N,2,0.0,0.0,0.5,,0.0,2.44,,0.0,1
2,2014-08-27 10:17:11,2014-08-27 10:24:39,2014-08-27,2014-08-27,448,5,3.7,,,-73.94254302978516,40.841434478759766,-73.91513061523438,40.88438034057617,1,N,2,12.0,0.0,0.5,,0.0,2.44,,14.94,1
2,2014-08-20 13:15:05,2014-08-20 13:32:21,2014-08-20,2014-08-20,1036,5,9.59,,,-73.9071044921875,40.88639831542969,-73.9679946899414,40.80032730102539,1,N,2,27.5,0.0,0.5,,0.0,2.44,,30.44,1
2,2014-08-31 11:46:40,2014-08-31 12:10:47,2014-08-31,2014-08-31,1447,5,14.85,,,-73.88446044921875,40.88010025024414,-73.99063873291016,40.757747650146484,1,N,2,42.0,0.0,0.5,,0.0,2.44,,44.94,1
2,2014-05-10 09:11:24,2014-05-10 09:51:03,2014-05-10,2014-05-10,2379,2,19.81,,,-73.9591293334961,40.807579040527344,-74.17789459228516,40.69001388549805,5,N,2,71.0,0.0,0.0,,0.0,9.0,,80.0,2
2,2014-05-17 04:38:37,2014-05-17 05:03:58,2014-05-17,2014-05-17,1521,2,6.5,,,-73.97412872314453,40.86728286743164,-73.90813446044922,40.834938049316406,5,N,2,60.0,0.0,0.0,,0.0,9.0,,69.0,2
1,2014-09-22 00:37:16,2014-09-22 00:57:15,2014-09-22,2014-09-22,1199,2,7.8,,,-73.93214416503906,40.857879638671875,-73.93492126464844,40.84478759765625,5,N,2,0.0,0.0,0.0,,0.0,9.0,,9.0,2
2,2014-09-28 03:02:23,2014-09-28 03:17:34,2014-09-28,2014-09-28,911,2,5.42,,,-73.9891357421875,40.69618606567383,-74.04986572265625,40.7266731262207,5,N,2,60.0,0.0,0.0,,0.0,9.0,,69.0,2
1,2014-09-19 22:41:03,2014-09-19 22:54:31,2014-09-19,2014-09-19,808,2,5.1,,,-73.94021606445312,40.841339111328125,-73.97655487060547,40.860267639160156,5,N,2,25.0,0.0,0.0,,0.0,9.0,,34.0,2
2,2014-09-28 23:28:51,2014-09-29 00:51:09,2014-09-28,2014-09-29,4938,2,45.35,,,-73.94715118408203,40.791080474853516,-73.94441223144531,40.849945068359375,5,N,2,60.0,0.0,0.0,,0.0,9.0,,69.0,2
2,2014-09-29 14:59:26,2014-09-29 16:13:09,2014-09-29,2014-09-29,4423,2,19.63,,,-73.94367980957031,40.750431060791016,-74.17790222167969,40.69551086425781,5,N,2,70.0,0.0,0.0,,0.0,9.0,,79.0,2
1,2014-08-01 19:37:01,2014-08-01 20:48:45,2014-08-01,2014-08-01,4304,2,20.2,,,-74.14319610595703,40.878662109375,-73.89437103271484,40.86193084716797,5,N,2,71.0,0.0,0.0,,0.0,9.0,,80.0,2
2,2014-08-06 10:44:48,2014-08-06 11:39:08,2014-08-06,2014-08-06,3260,2,16.23,,,-73.94369506835938,40.75214385986328,-74.17351531982422,40.73870849609375,5,N,2,40.0,0.0,0.0,,0.0,9.0,,49.0,2
2,2014-08-10 05:41:58,2014-08-10 06:14:02,2014-08-10,2014-08-10,1924,2,17.71,,,-73.9568099975586,40.72929000854492,-74.18317413330078,40.693233489990234,5,N,2,55.0,0.0,0.0,,0.0,9.0,,64.0,2
1,2014-08-20 21:20:58,2014-08-20 22:10:05,2014-08-20,2014-08-20,2947,2,14.5,,,-73.96268463134766,40.71013259887695,-74.1634292602539,40.73261260986328,5,N,2,75.0,0.0,0.0,,0.0,9.0,,84.0,2
1,2014-05-31 06:00:36,2014-05-31 06:52:46,2014-05-31,2014-05-31,3130,2,21.1,,,-73.95301055908203,40.791587829589844,-74.17667388916016,40.69349670410156,3,N,2,80.5,0.0,0.0,,0.0,9.0,,89.5,1
1,2014-09-17 12:41:32,2014-09-17 13:29:27,2014-09-17,2014-09-17,2875,2,16.5,,,-73.95303344726562,40.72609329223633,-74.18195343017578,40.68767547607422,3,N,2,70.0,0.0,0.0,,0.0,9.0,,79.0,1
2,2014-09-28 07:41:01,2014-09-28 08:11:50,2014-09-28,2014-09-28,1849,2,25.78,,,-73.95186614990234,40.80910873413086,-74.18254089355469,40.68782043457031,3,N,2,85.0,0.0,0.0,,0.0,9.0,,94.0,1
1,2014-09-02 14:48:27,2014-09-02 15:41:21,2014-09-02,2014-09-02,3174,2,23.2,,,-73.94406127929688,40.80991744995117,-74.17765045166016,40.69032669067383,3,N,2,83.5,0.0,0.0,,0.0,9.0,,92.5,1
2,2014-09-29 09:51:14,2014-09-29 10:30:15,2014-09-29,2014-09-29,2341,2,17.21,,,-73.99193572998047,40.69722366333008,-74.18146514892578,40.6876220703125,3,N,2,67.5,0.0,0.0,,0.0,9.0,,76.5,1
1,2014-08-18 11:37:52,2014-08-18 12:13:47,2014-08-18,2014-08-18,2155,2,14.6,,,-73.98491668701172,40.69591522216797,-74.18155670166016,40.68772888183594,3,N,2,60.0,0.0,0.0,,0.0,9.0,,69.0,1
2,2014-08-25 11:21:27,2014-08-25 11:52:07,2014-08-25,2014-08-25,1840,2,5.94,,,-73.98963928222656,40.702911376953125,-74.0341567993164,40.7159423828125,3,N,2,42.5,0.0,0.0,,0.0,9.0,,51.5,1
1,2014-08-14 10:33:30,2014-08-14 11:24:29,2014-08-14,2014-08-14,3059,2,20.6,,,-73.96573638916016,40.805381774902344,-74.18486022949219,40.70033264160156,3,N,2,76.5,0.0,0.0,,0.0,9.0,,85.5,1
2,2014-08-28 14:07:30,2014-08-28 15:07:23,2014-08-28,2014-08-28,3593,2,9.34,,,-73.94405364990234,40.74652862548828,-74.03202056884766,40.72122573852539,3,N,2,59.0,0.0,0.0,,0.0,9.0,,68.0,1
1,2014-05-20 07:56:43,2014-05-20 08:17:36,2014-05-20,2014-05-20,1253,2,4.0,,,-73.94189453125,40.83769607543945,-73.97186279296875,40.84292984008789,5,N,2,0.0,0.0,0.0,,0.0,11.0,,11.0,2
1,2014-05-02 17:04:28,2014-05-02 19:30:39,2014-05-02,2014-05-02,8771,2,44.4,,,-73.96173858642578,40.810943603515625,-73.95038604736328,40.850433349609375,5,N,2,0.0,0.0,0.0,,0.0,11.0,,11.0,2
2,2014-05-07 09:02:09,2014-05-07 09:33:17,2014-05-07,2014-05-07,1868,2,25.23,,,-73.93915557861328,40.84376907348633,-74.1831283569336,40.68800354003906,3,N,2,83.5,0.0,0.0,,0.0,11.0,,94.5,1
1,2014-05-24 16:32:25,2014-05-24 18:29:14,2014-05-24,2014-05-24,7009,2,21.1,,,-73.85431671142578,40.7418327331543,-74.19209289550781,40.76131820678711,5,N,2,0.0,0.0,0.0,,0.0,11.0,,11.0,2
1,2014-05-31 13:36:19,2014-05-31 14:15:42,2014-05-31,2014-05-31,2363,2,27.1,,,-73.94698333740234,40.80112075805664,-74.17724609375,40.69511413574219,3,Y,2,88.5,0.0,0.0,,0.0,11.0,,99.5,1
2,2014-09-13 11:31:56,2014-09-13 12:07:50,2014-09-13,2014-09-13,2154,2,16.78,,,-73.94542694091797,40.719818115234375,-74.17698669433594,40.691532135009766,5,N,2,60.0,0.0,0.0,,0.0,11.0,,71.0,2
1,2014-09-14 19:34:41,2014-09-14 19:49:42,2014-09-14,2014-09-14,901,2,6.6,,,-73.96067810058594,40.81816864013672,-73.9758529663086,40.860107421875,3,N,2,38.0,0.0,0.0,,0.0,11.0,,49.0,1
2,2014-09-16 16:30:33,2014-09-16 17:12:41,2014-09-16,2014-09-16,2528,2,10.64,,,-73.95359802246094,40.790748596191406,-74.0605239868164,40.80238342285156,5,N,2,60.0,0.0,0.0,,0.0,11.0,,71.0,2
2,2014-08-01 18:41:26,2014-08-01 19:05:16,2014-08-01,2014-08-01,1430,2,9.72,,,-73.94010162353516,40.84088134765625,-73.97415161132812,40.867225646972656,5,N,2,82.5,0.0,0.0,,0.0,11.0,,93.5,2
2,2014-08-20 15:28:26,2014-08-20 16:54:41,2014-08-20,2014-08-20,5175,2,16.25,,,-73.96725463867188,40.69335174560547,-74.17709350585938,40.69504928588867,3,N,2,88.0,0.0,0.0,,0.0,11.0,,99.0,1
2,2014-08-30 13:06:33,2014-08-30 13:59:20,2014-08-30,2014-08-30,3167,2,18.12,,,-73.9625015258789,40.71235656738281,-74.16580963134766,40.70798110961914,3,N,2,75.5,0.0,0.0,,0.0,11.0,,86.5,1
2,2014-08-31 15:25:40,2014-08-31 16:01:22,2014-08-31,2014-08-31,2142,2,25.47,,,-73.95843505859375,40.81556701660156,-74.17706298828125,40.69496536254883,5,N,2,75.0,0.0,0.0,,0.0,11.0,,86.0,2
2,2014-08-31 16:36:18,2014-08-31 17:57:34,2014-08-31,2014-08-31,4876,2,25.34,,,-73.84647369384766,40.75439453125,-74.17801666259766,40.69552230834961,5,N,2,135.0,0.0,0.0,,0.0,11.0,,146.0,2
1,2014-05-20 07:54:36,2014-05-20 08:19:08,2014-05-20,2014-05-20,1472,2,6.7,,,-73.93858337402344,40.81167221069336,-73.8711166381836,40.77418899536133,5,N,2,0.0,0.0,0.0,,0.0,7.5,,7.5,2
1,2014-05-20 18:11:58,2014-05-20 19:14:18,2014-05-20,2014-05-20,3740,2,23.4,,,-73.93511199951172,40.840187072753906,-73.78079223632812,40.644954681396484,5,N,2,0.0,0.0,0.0,,0.0,5.35,,5.35,2
2,2014-05-25 14:08:35,2014-05-25 14:38:39,2014-05-25,2014-05-25,1804,2,9.31,,,-73.92417907714844,40.815223693847656,-73.90585327148438,40.9136848449707,5,N,2,30.0,0.0,0.0,,0.0,4.88,,34.88,2
1,2014-05-06 11:40:20,2014-05-06 12:21:25,2014-05-06,2014-05-06,2465,2,16.2,,,-73.91429138183594,40.74631881713867,-73.83358764648438,40.578704833984375,5,N,2,50.0,0.0,0.0,,0.0,2.0,,52.0,2
1,2014-05-17 11:51:44,2014-05-17 11:54:41,2014-05-17,2014-05-17,177,2,0.0,,,-73.93586730957031,40.84142303466797,-73.93590545654297,40.841392517089844,5,N,2,0.0,0.0,0.0,,0.0,50.0,,50.0,2
2,2014-05-31 03:47:11,2014-05-31 04:19:39,2014-05-31,2014-05-31,1948,2,19.79,,,-74.0035400390625,40.93674850463867,-73.86564636230469,40.77082824707031,5,N,2,85.0,0.0,0.0,,0.0,14.33,,99.33,2
2,2014-09-19 14:28:32,2014-09-19 14:43:25,2014-09-19,2014-09-19,893,2,10.19,,,-73.88072204589844,40.882476806640625,-73.95317840576172,40.82247543334961,5,N,2,17.0,0.0,0.0,,0.0,2.44,,19.44,2
1,2014-09-22 05:04:31,2014-09-22 05:34:34,2014-09-22,2014-09-22,1803,2,15.4,,,-73.94401550292969,40.82633972167969,-73.93020629882812,40.81916427612305,5,N,2,0.0,0.0,0.0,,0.0,10.66,,10.66,2
1,2014-09-01 21:08:26,2014-09-01 22:04:58,2014-09-01,2014-09-01,3392,2,19.1,,,-73.8688735961914,40.757286071777344,-73.86994171142578,40.757102966308594,5,N,2,40.0,0.0,0.0,,0.0,10.66,,50.66,2
1,2014-09-19 23:29:50,2014-09-19 23:55:36,2014-09-19,2014-09-19,1546,2,11.0,,,-73.94058990478516,40.833255767822266,-73.86563110351562,40.92033004760742,5,N,2,25.0,0.0,0.0,,0.0,2.44,,27.44,2
2,2014-09-12 21:40:10,2014-09-12 22:19:02,2014-09-12,2014-09-12,2332,2,7.46,,,-73.94037628173828,40.84523010253906,-73.93938446044922,40.848323822021484,5,N,2,0.5,0.0,0.0,,0.0,18.0,,18.5,2
2,2014-09-04 02:40:28,2014-09-04 03:59:22,2014-09-04,2014-09-04,4734,2,51.55,,,-73.81466674804688,40.735862731933594,-73.80497741699219,40.72452163696289,5,N,2,85.0,0.0,0.0,,0.0,18.0,,103.0,2
1,2014-09-29 03:56:53,2014-09-29 04:14:09,2014-09-29,2014-09-29,1036,2,16.3,,,-73.9303207397461,40.80117416381836,-73.78352355957031,40.643672943115234,5,N,2,0.0,0.0,0.0,,0.0,5.34,,5.34,2
2,2014-09-29 15:35:57,2014-09-29 23:19:10,2014-09-29,2014-09-29,27793,2,80.45,,,-73.93916320800781,40.798492431640625,-73.9186019897461,40.80534362792969,5,N,2,0.01,0.0,0.0,,0.0,7.33,,7.34,1
1,2014-09-07 00:05:16,2014-09-07 00:45:29,2014-09-07,2014-09-07,2413,2,15.6,,,-73.93424224853516,40.80216598510742,-73.94827270507812,40.82411193847656,5,N,2,0.0,0.0,0.0,,0.0,10.66,,10.66,2
2,2014-08-26 15:11:01,2014-08-26 15:47:05,2014-08-26,2014-08-26,2164,2,16.02,,,-73.88326263427734,40.88066864013672,-73.99933624267578,40.74817657470703,5,N,2,30.0,0.0,0.0,,0.0,2.44,,32.44,2
1,2014-08-29 11:08:15,2014-08-29 11:45:04,2014-08-29,2014-08-29,2209,2,11.6,,,-73.83251953125,40.71500778198242,-73.979248046875,40.75874328613281,5,N,2,45.0,0.0,0.0,,0.0,5.5,,50.5,2
1,2014-08-02 19:47:44,2014-08-02 21:22:51,2014-08-02,2014-08-02,5707,2,40.0,,,-73.83488464355469,40.856258392333984,-73.85945892333984,40.871971130371094,5,N,2,59.34,0.0,0.0,,0.0,10.66,,70.0,2
2,2014-05-15 14:02:32,2014-05-15 14:48:42,2014-05-15,2014-05-15,2770,2,25.83,,,-73.9433364868164,40.815738677978516,-74.17658996582031,40.69300079345703,3,N,2,88.5,0.0,0.0,,0.0,8.25,,96.75,1
2,2014-08-16 15:55:04,2014-08-16 16:47:28,2014-08-16,2014-08-16,3144,2,20.12,,,-73.94817352294922,40.78493118286133,-74.18312072753906,40.69287109375,3,N,2,78.5,0.0,0.0,,0.0,13.44,,91.94,1
1,2014-08-10 08:40:29,2014-08-10 09:13:42,2014-08-10,2014-08-10,1993,2,21.0,,,-73.95514678955078,40.82049560546875,-74.17769622802734,40.69035339355469,3,N,2,74.0,0.0,0.0,,0.0,18.0,,92.0,1
2,2014-08-26 11:07:55,2014-08-26 11:10:30,2014-08-26,2014-08-26,155,2,0.0,,,-73.91838073730469,40.84477996826172,-73.91837310791016,40.844818115234375,3,N,2,21.0,0.0,0.0,,0.0,17.5,,38.5,1
2,2014-08-31 13:04:15,2014-08-31 13:38:23,2014-08-31,2014-08-31,2048,2,13.22,,,-73.93553924560547,40.79612350463867,-74.00685119628906,40.78558349609375,3,N,2,56.0,0.0,0.0,,0.0,10.25,,66.25,1
2,2014-09-29 17:25:17,2014-09-29 18:27:39,2014-09-29,2014-09-29,3742,2,19.16,,,-73.96002960205078,40.80810546875,-73.78229522705078,40.6441650390625,2,N,2,52.0,0.0,0.5,,0.0,10.33,,62.83,1
2,2014-08-03 16:21:57,2014-08-03 17:10:46,2014-08-03,2014-08-03,2929,2,11.73,,,-73.95502471923828,40.72035598754883,-74.05003356933594,40.79143142700195,4,N,2,48.0,0.0,0.5,,0.0,11.0,,59.5,1
2,2014-08-16 12:02:26,2014-08-16 14:39:29,2014-08-16,2014-08-16,9423,2,52.04,,,-73.93065643310547,40.75690841674805,-74.26197052001953,40.4044303894043,4,N,2,223.0,0.0,0.5,,0.0,21.66,,245.16,1
1,2014-08-31 14:45:05,2014-08-31 15:35:14,2014-08-31,2014-08-31,3009,2,18.5,,,-73.95474243164062,40.82078552246094,-73.7834243774414,40.643768310546875,2,N,2,52.0,0.0,0.5,,0.0,7.5,,60.0,1
1,2014-05-20 10:55:40,2014-05-20 11:44:31,2014-05-20,2014-05-20,2931,2,8.2,,,-73.94287872314453,40.84083938598633,-74.02228546142578,40.88930130004883,1,N,2,36.0,0.0,0.5,,0.0,9.0,,45.5,1
1,2014-05-20 13:50:51,2014-05-20 14:48:06,2014-05-20,2014-05-20,3435,2,19.8,,,-73.84574127197266,40.71781921386719,-73.98009490966797,40.84189224243164,1,N,2,60.5,0.0,0.5,,0.0,14.33,,75.33,1
1,2014-05-22 07:58:42,2014-05-22 07:58:42,2014-05-22,2014-05-22,0,2,0.0,,,-73.91435241699219,40.6749382019043,0.0,0.0,1,N,2,3.0,0.0,0.5,,0.0,0.9,,4.4,1
1,2014-05-14 14:49:10,2014-05-14 14:49:51,2014-05-14,2014-05-14,41,2,0.1,,,-73.94281005859375,40.810672760009766,-73.94005584716797,40.809669494628906,1,N,2,2.5,0.0,0.5,,0.0,75.0,,78.0,1
1,2014-05-16 14:57:26,2014-05-16 15:28:12,2014-05-16,2014-05-16,1846,2,6.8,,,-73.93755340576172,40.828853607177734,-73.97637176513672,40.82072830200195,1,N,2,25.0,0.0,0.5,,0.0,9.0,,34.5,1
1,2014-05-25 12:38:09,2014-05-25 13:35:30,2014-05-25,2014-05-25,3441,2,16.9,,,-73.88362121582031,40.72847366333008,-74.0511703491211,40.81504821777344,1,N,2,56.0,0.0,0.5,,0.0,16.33,,72.83,1
2,2014-09-01 08:44:17,2014-09-01 08:53:08,2014-09-01,2014-09-01,531,2,2.06,,,-73.83040618896484,40.75957107543945,-73.80553436279297,40.763092041015625,1,N,2,9.5,0.0,0.5,,0.0,1.0,,11.0,1
1,2014-09-01 10:56:22,2014-09-01 11:33:16,2014-09-01,2014-09-01,2214,2,11.7,,,-73.84432983398438,40.72134017944336,-73.82270812988281,40.5831298828125,1,N,2,36.5,0.0,0.5,,0.0,3.25,,40.25,1
1,2014-09-01 15:55:45,2014-09-01 16:05:09,2014-09-01,2014-09-01,564,2,3.3,,,-73.93516540527344,40.80337905883789,-73.91761016845703,40.7673225402832,1,N,2,12.0,0.0,0.5,,0.0,15.99,,28.49,1
1,2014-09-18 14:37:59,2014-09-18 14:40:42,2014-09-18,2014-09-18,163,2,0.0,,,-73.94866180419922,40.744869232177734,-73.94871520996094,40.74489212036133,1,N,2,3.5,0.0,0.5,,0.0,14.33,,18.33,1
1,2014-09-24 10:41:58,2014-09-24 11:11:15,2014-09-24,2014-09-24,1757,2,4.6,,,-73.99447631835938,40.69011306762695,-73.94886779785156,40.644569396972656,1,N,2,21.0,0.0,0.5,,0.0,1.25,,22.75,1
1,2014-09-20 14:33:02,2014-09-20 14:55:05,2014-09-20,2014-09-20,1323,2,5.4,,,-73.95232391357422,40.68452453613281,-73.95613861083984,40.746089935302734,1,N,2,19.5,0.0,0.5,,0.0,0.5,,20.5,1
1,2014-09-20 15:42:56,2014-09-20 16:36:04,2014-09-20,2014-09-20,3188,2,19.3,,,-73.94500732421875,40.69287872314453,-74.00659942626953,40.87199401855469,1,N,2,58.0,0.0,0.5,,0.0,16.33,,74.83,1
1,2014-09-27 13:34:23,2014-09-27 13:37:43,2014-09-27,2014-09-27,200,2,0.6,,,-73.95661926269531,40.74772644042969,-73.95404815673828,40.74287033081055,1,N,2,4.5,0.0,0.5,,0.0,0.5,,5.5,1
1,2014-09-27 16:42:55,2014-09-27 16:43:41,2014-09-27,2014-09-27,46,2,0.0,,,-73.94844818115234,40.74482727050781,-73.94842529296875,40.74481201171875,1,N,2,2.5,0.0,0.5,,0.0,1.0,,4.0,1
1,2014-09-03 09:20:57,2014-09-03 09:30:22,2014-09-03,2014-09-03,565,2,0.5,,,-73.9489517211914,40.74470520019531,-73.9485855102539,40.7453727722168,1,N,2,7.5,0.0,0.5,,0.0,0.5,,8.5,1
1,2014-09-21 14:21:46,2014-09-21 15:23:00,2014-09-21,2014-09-21,3674,2,20.1,,,-73.98975372314453,40.70174026489258,-74.17716979980469,40.69121551513672,1,N,2,63.0,0.0,0.5,,0.0,33.33,,96.83,1
2,2014-09-23 12:04:45,2014-09-23 12:21:14,2014-09-23,2014-09-23,989,2,5.53,,,-73.9393081665039,40.84144592285156,-73.94461059570312,40.893455505371094,1,N,2,19.0,0.0,0.5,,0.0,9.0,,28.5,1
2,2014-09-08 11:04:19,2014-09-08 11:16:11,2014-09-08,2014-09-08,712,2,2.29,,,-73.83042907714844,40.75943374633789,-73.87008666992188,40.749114990234375,1,N,2,11.0,0.0,0.5,,0.0,1.0,,12.5,1
1,2014-09-20 18:35:49,2014-09-20 19:38:54,2014-09-20,2014-09-20,3785,2,13.1,,,-73.94768524169922,40.79619598388672,-73.86378479003906,40.73719024658203,1,N,2,52.0,0.0,0.5,,0.0,12.83,,65.33,1
1,2014-09-28 15:51:20,2014-09-28 16:12:02,2014-09-28,2014-09-28,1242,2,7.7,,,-73.93707275390625,40.85517120361328,-73.8896713256836,40.872291564941406,1,N,2,25.0,0.0,0.5,,0.0,3.0,,28.5,1
1,2014-09-06 17:50:30,2014-09-06 18:11:22,2014-09-06,2014-09-06,1252,2,10.8,,,-73.84497833251953,40.7548713684082,-73.94731903076172,40.825767517089844,1,N,2,31.0,0.0,0.5,,0.0,5.36,,36.86,1
1,2014-09-06 19:47:26,2014-09-06 19:53:54,2014-09-06,2014-09-06,388,2,0.7,,,-73.9455795288086,40.74620819091797,-73.95213317871094,40.74946594238281,1,N,2,5.5,0.0,0.5,,0.0,0.5,,6.5,1
1,2014-09-14 14:39:26,2014-09-14 15:27:27,2014-09-14,2014-09-14,2881,2,12.5,,,-73.96437072753906,40.71736145019531,-73.7816390991211,40.64446258544922,1,N,2,42.5,0.0,0.5,,0.0,8.5,,51.5,1
1,2014-09-16 15:40:12,2014-09-16 15:55:57,2014-09-16,2014-09-16,945,2,4.5,,,-73.9422378540039,40.84192657470703,-73.92047882080078,40.88295364379883,1,N,2,17.0,0.0,0.5,,0.0,5.0,,22.5,1
2,2014-08-21 09:47:40,2014-08-21 10:09:33,2014-08-21,2014-08-21,1313,2,3.21,,,-73.95382690429688,40.72930145263672,-73.97900390625,40.750282287597656,1,N,2,16.5,0.0,0.5,,0.0,15.0,,32.0,1
1,2014-08-21 11:07:19,2014-08-21 11:46:13,2014-08-21,2014-08-21,2334,2,13.6,,,-73.93891906738281,40.82680892944336,-74.0647201538086,40.91822814941406,1,N,2,42.0,0.0,0.5,,0.0,9.0,,51.5,1
1,2014-08-21 11:27:32,2014-08-21 11:30:13,2014-08-21,2014-08-21,161,2,0.8,,,-73.97177124023438,40.582969665527344,-73.9603042602539,40.587135314941406,1,N,2,5.0,0.0,0.5,,0.0,10.0,,15.5,1
1,2014-08-26 06:23:59,2014-08-26 06:32:08,2014-08-26,2014-08-26,489,2,3.7,,,-73.97982788085938,40.57555389404297,-73.943115234375,40.58375549316406,1,N,2,12.0,0.0,0.5,,0.0,3.0,,15.5,1
1,2014-08-27 14:30:40,2014-08-27 15:27:45,2014-08-27,2014-08-27,3425,2,34.0,,,-73.84548950195312,40.75473403930664,-74.1832504272461,40.68806838989258,1,N,2,90.5,0.0,0.5,,0.0,14.33,,105.33,1
2,2014-08-03 07:58:31,2014-08-03 08:01:38,2014-08-03,2014-08-03,187,2,0.42,,,-73.88932037353516,40.75032043457031,-73.88925170898438,40.757328033447266,1,N,2,4.0,0.0,0.5,,0.0,1.0,,5.5,1
1,2014-08-02 17:33:34,2014-08-02 17:47:15,2014-08-02,2014-08-02,821,2,3.2,,,-73.94871520996094,40.74435043334961,-73.99281311035156,40.73709487915039,1,N,2,12.5,0.0,0.5,,0.0,5.83,,18.83,1
1,2014-08-07 11:57:22,2014-08-07 12:11:09,2014-08-07,2014-08-07,827,2,1.5,,,-73.950439453125,40.714073181152344,-73.94554901123047,40.71149444580078,1,N,2,10.0,0.0,0.5,,0.0,0.5,,11.0,1
1,2014-05-22 08:03:06,2014-05-22 08:03:06,2014-05-22,2014-05-22,0,2,0.0,,,-73.91436004638672,40.674930572509766,0.0,0.0,1,Y,2,3.5,0.0,0.5,,0.0,0.9,,4.9,1
1,2014-09-27 18:55:18,2014-09-27 19:12:38,2014-09-27,2014-09-27,1040,2,10.1,,,-73.93901824951172,40.84944152832031,-74.073486328125,40.924583435058594,1,Y,2,28.0,0.0,0.5,,0.0,24.0,,52.5,1
1,2014-08-18 13:05:25,2014-08-18 14:05:54,2014-08-18,2014-08-18,3629,2,24.4,,,-73.99430847167969,40.694732666015625,-74.17720031738281,40.69505310058594,1,Y,2,71.5,0.0,0.5,,0.0,9.0,,81.0,1
2,2014-05-25 12:12:57,2014-05-25 12:47:45,2014-05-25,2014-05-25,2088,2,6.54,,,-73.99304962158203,40.697265625,-74.03411865234375,40.720951080322266,1,N,2,26.0,0.0,0.5,,0.0,11.0,,37.5,1
1,2014-05-15 15:40:19,2014-05-15 16:57:52,2014-05-15,2014-05-15,4653,2,22.4,,,-73.94734954833984,40.80851745605469,-74.07231140136719,40.9042854309082,1,N,2,72.5,0.0,0.5,,0.0,11.0,,84.0,1
1,2014-05-24 18:07:50,2014-05-24 18:35:53,2014-05-24,2014-05-24,1683,2,7.0,,,-73.93307495117188,40.849830627441406,-73.99445343017578,40.804039001464844,1,N,2,24.0,0.0,0.5,,0.0,11.0,,35.5,1
1,2014-09-01 07:20:16,2014-09-01 07:53:30,2014-09-01,2014-09-01,1994,2,17.2,,,-73.97264862060547,40.686500549316406,-74.18265533447266,40.687782287597656,1,N,2,48.0,0.0,0.5,,0.0,11.0,,59.5,1
1,2014-09-01 19:20:35,2014-09-01 19:48:54,2014-09-01,2014-09-01,1699,2,8.1,,,-73.93673706054688,40.84910202026367,-74.01345825195312,40.79688262939453,1,N,2,27.5,0.0,0.5,,0.0,11.0,,39.0,1
1,2014-09-07 18:09:45,2014-09-07 18:29:16,2014-09-07,2014-09-07,1171,2,7.5,,,-73.96430969238281,40.80716323852539,-73.97647094726562,40.86035919189453,1,N,2,22.5,0.0,0.5,,0.0,11.0,,34.0,1
1,2014-09-06 17:10:52,2014-09-06 18:06:16,2014-09-06,2014-09-06,3324,2,9.1,,,-73.9272689819336,40.6844596862793,-74.0630874633789,40.726287841796875,1,N,2,38.0,0.0,0.5,,0.0,11.0,,49.5,1
1,2014-09-27 18:01:07,2014-09-27 18:35:01,2014-09-27,2014-09-27,2034,2,6.4,,,-73.97306823730469,40.678192138671875,-74.04393005371094,40.72452163696289,1,N,2,25.5,0.0,0.5,,0.0,11.0,,37.0,1
2,2014-09-06 18:35:46,2014-09-06 19:43:54,2014-09-06,2014-09-06,4088,2,13.57,,,-73.92535400390625,40.83266067504883,-74.10054779052734,40.884517669677734,1,N,2,57.5,0.0,0.5,,0.0,11.0,,69.0,1
1,2014-08-10 16:38:22,2014-08-10 17:08:53,2014-08-10,2014-08-10,1831,2,6.1,,,-73.92498016357422,40.82593536376953,-73.92686462402344,40.758827209472656,1,N,2,23.5,0.0,0.5,,0.0,11.0,,35.0,1
1,2014-08-19 16:05:10,2014-08-19 16:16:15,2014-08-19,2014-08-19,665,2,3.3,,,-73.94268035888672,40.84077453613281,-73.97032165527344,40.84599304199219,1,N,2,12.0,0.0,0.5,,0.0,11.0,,23.5,1
1,2014-05-23 06:23:12,2014-05-23 06:43:35,2014-05-23,2014-05-23,1223,2,4.0,,,-73.87126922607422,40.74925231933594,-73.93990325927734,40.748069763183594,1,N,2,17.0,0.0,0.5,,0.0,2.0,,19.5,1
1,2014-05-15 11:59:36,2014-05-15 12:11:41,2014-05-15,2014-05-15,725,2,2.3,,,-73.88398742675781,40.74569320678711,-73.92168426513672,40.745330810546875,1,N,2,10.5,0.0,0.5,,0.0,2.0,,13.0,1
1,2014-05-17 08:01:05,2014-05-17 08:21:28,2014-05-17,2014-05-17,1223,2,3.0,,,-73.8830795288086,40.747859954833984,-73.88137817382812,40.74637985229492,1,N,2,15.0,0.0,0.5,,0.0,2.0,,17.5,1
1,2014-05-17 17:51:55,2014-05-17 18:29:49,2014-05-17,2014-05-17,2274,2,11.7,,,-73.95944213867188,40.578125,-73.81743621826172,40.5855598449707,1,N,2,37.0,0.0,0.5,,0.0,2.0,,39.5,1
1,2014-09-05 14:29:29,2014-09-05 15:19:19,2014-09-05,2014-09-05,2990,2,13.6,,,-73.97781372070312,40.68408203125,-73.81661987304688,40.58878707885742,1,N,2,46.5,0.0,0.5,,0.0,2.0,,49.0,1
2,2014-09-20 17:08:33,2014-09-20 17:32:00,2014-09-20,2014-09-20,1407,2,6.67,,,-73.83040618896484,40.75947570800781,-73.9139633178711,40.75657653808594,1,N,2,22.5,0.0,0.5,,0.0,2.0,,25.0,1
2,2014-08-03 16:33:41,2014-08-03 16:42:41,2014-08-03,2014-08-03,540,2,1.34,,,-73.87800598144531,40.748252868652344,-73.89354705810547,40.754783630371094,1,N,2,8.0,0.0,0.5,,0.0,2.0,,10.5,1
2,2014-08-21 10:19:44,2014-08-21 10:26:27,2014-08-21,2014-08-21,403,2,0.91,,,-73.94229125976562,40.75402069091797,-73.94036102294922,40.76342010498047,1,N,2,5.0,0.0,0.5,,0.0,2.0,,7.5,1
2,2014-08-23 19:12:25,2014-08-23 19:26:15,2014-08-23,2014-08-23,830,2,1.91,,,-73.8824234008789,40.75593185424805,-73.86727142333984,40.74006271362305,1,N,2,10.5,0.0,0.5,,0.0,2.0,,13.0,1
2,2014-08-23 19:37:16,2014-08-23 19:50:44,2014-08-23,2014-08-23,808,2,1.79,,,-73.867431640625,40.74257278442383,-73.87332153320312,40.7562141418457,1,N,2,9.5,0.0,0.5,,0.0,2.0,,12.0,1
2,2014-08-03 13:11:18,2014-08-03 13:19:00,2014-08-03,2014-08-03,462,2,1.56,,,-73.92621612548828,40.744258880615234,-73.93594360351562,40.75438690185547,1,N,2,7.5,0.0,0.5,,0.0,2.0,,10.0,1
1,2014-05-10 09:31:17,2014-05-10 09:49:13,2014-05-10,2014-05-10,1076,2,6.9,,,-73.95280456542969,40.810787200927734,-73.87102508544922,40.7741813659668,1,N,2,22.5,0.0,0.5,,0.0,7.5,,30.5,1
2,2014-05-10 12:17:21,2014-05-10 12:45:23,2014-05-10,2014-05-10,1682,2,4.8,,,-73.91854858398438,40.833824157714844,-73.92604064941406,40.792240142822266,1,N,2,23.0,0.0,0.5,,0.0,7.5,,31.0,1
1,2014-05-10 13:26:15,2014-05-10 13:41:32,2014-05-10,2014-05-10,917,2,2.7,,,-73.93769836425781,40.803932189941406,-73.9244155883789,40.79217529296875,1,N,2,13.5,0.0,0.5,,0.0,7.5,,21.5,1
1,2014-05-14 14:50:10,2014-05-14 15:05:48,2014-05-14,2014-05-14,938,2,6.5,,,-73.94005584716797,40.809669494628906,-73.87250518798828,40.774505615234375,1,N,2,18.5,0.0,0.5,,0.0,7.5,,26.5,1
1,2014-05-14 15:35:12,2014-05-14 16:04:41,2014-05-14,2014-05-14,1769,2,8.2,,,-73.89056396484375,40.74689865112305,-74.00284576416016,40.72333526611328,1,N,2,28.0,0.0,0.5,,0.0,7.5,,36.0,1
1,2014-05-02 15:49:16,2014-05-02 16:41:51,2014-05-02,2014-05-02,3155,2,7.5,,,-73.87720489501953,40.73674392700195,-74.00019073486328,40.7361946105957,1,N,2,34.0,0.0,0.5,,0.0,7.5,,42.0,1
1,2014-05-24 17:19:33,2014-05-24 17:34:53,2014-05-24,2014-05-24,920,2,2.6,,,-73.94621276855469,40.80702590942383,-73.9192123413086,40.792747497558594,1,N,2,12.0,0.0,0.5,,0.0,7.5,,20.0,1
1,2014-05-31 12:40:48,2014-05-31 13:10:49,2014-05-31,2014-05-31,1801,2,8.7,,,-73.99983978271484,40.689517974853516,-73.99800109863281,40.76594924926758,1,N,2,29.0,0.0,0.5,,0.0,7.5,,37.0,1
1,2014-09-19 14:31:52,2014-09-19 16:49:25,2014-09-19,2014-09-19,8253,2,24.5,,,-73.99087524414062,40.692447662353516,-73.78247833251953,40.64414978027344,1,N,2,100.0,0.0,0.5,,0.0,7.5,,108.0,1
1,2014-09-12 13:24:02,2014-09-12 13:41:26,2014-09-12,2014-09-12,1044,2,7.4,,,-73.95316314697266,40.78861618041992,-73.87052154541016,40.77382278442383,1,N,2,22.5,0.0,0.5,,0.0,7.5,,30.5,1
1,2014-09-16 12:14:05,2014-09-16 12:23:48,2014-09-16,2014-09-16,583,2,5.9,,,-73.93670654296875,40.80400466918945,-73.8709716796875,40.774200439453125,1,N,2,18.0,0.0,0.5,,0.0,7.5,,26.0,1
2,2014-09-20 15:59:10,2014-09-20 16:17:06,2014-09-20,2014-09-20,1076,2,3.06,,,-73.95410919189453,40.74277114868164,-73.976806640625,40.75239562988281,1,N,2,13.5,0.0,0.5,,0.0,7.5,,21.5,1
1,2014-08-31 12:00:11,2014-08-31 12:11:10,2014-08-31,2014-08-31,659,2,2.9,,,-73.9390869140625,40.80535888671875,-73.9242172241211,40.791927337646484,1,Y,2,11.5,0.0,0.5,,0.0,7.5,,19.5,1
2,2014-05-20 14:19:06,2014-05-20 14:46:36,2014-05-20,2014-05-20,1650,2,13.17,,,-73.80735778808594,40.70036315917969,-73.94186401367188,40.798763275146484,1,N,2,37.5,0.0,0.5,,0.0,10.66,,48.66,1
2,2014-05-16 15:40:17,2014-05-16 16:36:53,2014-05-16,2014-05-16,3396,2,15.15,,,-73.97808837890625,40.6850471496582,-74.15753936767578,40.58014678955078,1,N,2,48.0,0.0,0.5,,0.0,10.66,,59.16,1
2,2014-05-07 06:07:54,2014-05-07 06:54:58,2014-05-07,2014-05-07,2824,2,22.76,,,-73.83047485351562,40.75965881347656,-73.83297729492188,40.7546272277832,1,N,2,65.5,0.0,0.5,,0.0,10.66,,76.66,1
2,2014-05-24 11:32:33,2014-05-24 12:39:21,2014-05-24,2014-05-24,4008,2,38.12,,,-73.80748748779297,40.70026779174805,-74.20075225830078,40.528228759765625,1,N,2,102.5,0.0,0.5,,0.0,10.66,,113.66,1
2,2014-05-24 18:27:26,2014-05-24 19:38:11,2014-05-24,2014-05-24,4245,2,31.07,,,-73.96427917480469,40.80744552612305,-74.1532974243164,40.537906646728516,1,N,2,87.0,0.0,0.5,,0.0,10.66,,98.16,1
1,2014-05-31 12:05:19,2014-05-31 12:44:06,2014-05-31,2014-05-31,2327,2,19.9,,,-73.89090728759766,40.7474250793457,-74.07655334472656,40.639869689941406,1,N,2,55.0,0.0,0.5,,0.0,10.66,,66.16,1
1,2014-09-03 16:23:13,2014-09-03 17:00:50,2014-09-03,2014-09-03,2257,2,14.1,,,-73.96622467041016,40.585548400878906,-74.1624984741211,40.58662033081055,1,N,2,41.5,0.0,0.5,,0.0,10.66,,52.66,1
1,2014-09-21 13:14:04,2014-09-21 13:38:34,2014-09-21,2014-09-21,1470,2,11.8,,,-73.97937774658203,40.64885711669922,-73.9592056274414,40.76427459716797,1,N,2,33.5,0.0,0.5,,0.0,10.66,,44.66,1
2,2014-09-04 08:08:58,2014-09-04 08:27:36,2014-09-04,2014-09-04,1118,2,3.34,,,-73.92247772216797,40.74383544921875,-73.97974395751953,40.74891662597656,1,N,2,14.5,0.0,0.5,,0.0,10.66,,25.66,1
1,2014-09-20 17:28:09,2014-09-20 18:26:55,2014-09-20,2014-09-20,3526,2,11.5,,,-73.95204162597656,40.79815673828125,-73.9539566040039,40.80148696899414,1,N,2,46.0,0.0,0.5,,0.0,10.66,,57.16,1
1,2014-09-29 15:39:11,2014-09-29 16:01:58,2014-09-29,2014-09-29,1367,2,5.3,,,-73.94518280029297,40.80807876586914,-73.92003631591797,40.7576789855957,1,N,2,20.0,0.0,0.5,,0.0,10.66,,31.16,1
1,2014-09-14 12:30:06,2014-09-14 12:59:30,2014-09-14,2014-09-14,1764,2,11.7,,,-73.99752044677734,40.660423278808594,-74.10423278808594,40.627777099609375,1,N,2,35.0,0.0,0.5,,0.0,10.66,,46.16,1
2,2014-08-23 14:51:58,2014-08-23 15:42:10,2014-08-23,2014-08-23,3012,2,21.32,,,-73.97698211669922,40.672481536865234,-74.18083190917969,40.537986755371094,1,N,2,61.5,0.0,0.5,,0.0,10.66,,72.66,1
1,2014-08-31 13:37:49,2014-08-31 14:31:52,2014-08-31,2014-08-31,3243,2,30.7,,,-73.84503173828125,40.75482940673828,-73.84994506835938,40.750972747802734,1,N,2,82.0,0.0,0.5,,0.0,10.66,,93.16,1
2,2014-08-31 18:18:17,2014-08-31 19:15:29,2014-08-31,2014-08-31,3432,2,20.94,,,-73.94620513916016,40.72633361816406,-73.94631958007812,40.72636032104492,1,N,2,61.5,0.0,0.5,,0.0,10.66,,72.66,1
1,2014-05-14 15:33:58,2014-05-14 15:54:41,2014-05-14,2014-05-14,1243,2,7.7,,,-73.9665756225586,40.80413818359375,-73.90768432617188,40.897483825683594,1,N,2,25.0,0.0,0.5,,0.0,2.44,,27.94,1
1,2014-05-23 14:51:16,2014-05-23 15:00:43,2014-05-23,2014-05-23,567,2,3.9,,,-73.94091033935547,40.840023040771484,-73.91240692138672,40.884185791015625,1,N,2,13.0,0.0,0.5,,0.0,2.44,,15.94,1
1,2014-05-02 15:01:56,2014-05-02 15:37:20,2014-05-02,2014-05-02,2124,2,10.9,,,-73.95193481445312,40.824737548828125,-73.84635925292969,40.884029388427734,1,N,2,35.5,0.0,0.5,,0.0,2.44,,38.44,1
1,2014-05-27 08:09:39,2014-05-27 08:25:38,2014-05-27,2014-05-27,959,2,5.5,,,-73.9521713256836,40.82394027709961,-73.90605926513672,40.89065170288086,1,N,2,19.0,0.0,0.5,,0.0,2.44,,21.94,1
1,2014-05-31 10:48:29,2014-05-31 11:07:34,2014-05-31,2014-05-31,1145,2,8.1,,,-73.9480209350586,40.804115295410156,-73.90836334228516,40.89590072631836,1,N,2,24.5,0.0,0.5,,0.0,2.44,,27.44,1
2,2014-09-02 15:34:06,2014-09-02 15:46:10,2014-09-02,2014-09-02,724,2,5.56,,,-73.94217681884766,40.84197998046875,-73.90646362304688,40.90370178222656,1,N,2,17.0,0.0,0.5,,0.0,2.44,,19.94,1
2,2014-09-25 11:13:28,2014-09-25 11:24:18,2014-09-25,2014-09-25,650,2,5.39,,,-73.9431381225586,40.8408088684082,-73.90621185302734,40.905269622802734,1,N,2,16.5,0.0,0.5,,0.0,2.44,,19.44,1
1,2014-09-25 11:28:32,2014-09-25 11:39:12,2014-09-25,2014-09-25,640,2,4.2,,,-73.94273376464844,40.840675354003906,-73.90803527832031,40.88138961791992,1,N,2,14.5,0.0,0.5,,0.0,2.44,,17.44,1
2,2014-09-25 12:56:37,2014-09-25 13:14:09,2014-09-25,2014-09-25,1052,2,7.93,,,-73.96258544921875,40.81010437011719,-73.91238403320312,40.904014587402344,1,N,2,24.0,0.0,0.5,,0.0,2.44,,26.94,1
2,2014-09-24 14:54:32,2014-09-24 15:02:55,2014-09-24,2014-09-24,503,2,3.01,,,-73.9359130859375,40.84986877441406,-73.91510772705078,40.8790283203125,1,N,2,11.0,0.0,0.5,,0.0,2.44,,13.94,1
1,2014-09-19 10:44:18,2014-09-19 10:53:07,2014-09-19,2014-09-19,529,2,4.2,,,-73.94279479980469,40.84043502807617,-73.90735626220703,40.88763427734375,1,Y,2,13.5,0.0,0.5,,0.0,2.44,,16.44,1
2,2014-09-13 11:11:35,2014-09-13 11:39:56,2014-09-13,2014-09-13,1701,2,9.31,,,-73.92410278320312,40.82753372192383,-73.89969635009766,40.92385482788086,1,N,2,30.5,0.0,0.5,,0.0,2.44,,33.44,1
1,2014-09-13 18:44:10,2014-09-13 19:05:54,2014-09-13,2014-09-13,1304,2,6.0,,,-73.93980407714844,40.83982849121094,-73.90021514892578,40.91200256347656,1,N,2,21.5,0.0,0.5,,0.0,2.44,,24.44,1
1,2014-09-21 13:49:15,2014-09-21 13:55:45,2014-09-21,2014-09-21,390,2,1.9,,,-73.92662811279297,40.86583709716797,-73.9196548461914,40.88037109375,1,N,2,8.0,0.0,0.5,,0.0,2.44,,10.94,1
2,2014-09-04 07:38:17,2014-09-04 07:51:29,2014-09-04,2014-09-04,792,2,5.33,,,-73.93247985839844,40.85118865966797,-73.90449523925781,40.9058837890625,1,N,2,18.0,0.0,0.5,,0.0,2.44,,20.94,1
2,2014-09-06 18:25:09,2014-09-06 18:42:36,2014-09-06,2014-09-06,1047,2,6.6,,,-73.95964813232422,40.813602447509766,-73.9124984741211,40.88731002807617,1,N,2,21.5,0.0,0.5,,0.0,2.44,,24.44,1
2,2014-08-27 07:10:41,2014-08-27 07:32:01,2014-08-27,2014-08-27,1280,2,8.06,,,-73.95516204833984,40.80097579956055,-73.89797973632812,40.89238357543945,1,N,2,25.5,0.0,0.5,,0.0,2.44,,28.44,1
2,2014-08-01 10:01:37,2014-08-01 10:18:36,2014-08-01,2014-08-01,1019,2,6.85,,,-73.94002532958984,40.84098815917969,-73.90634155273438,40.90811538696289,1,N,2,21.5,0.0,0.5,,0.0,2.44,,24.44,1
2,2014-05-10 01:54:46,2014-05-10 02:08:34,2014-05-10,2014-05-10,828,1,6.26,,,-73.94849395751953,40.82892990112305,-73.90657806396484,40.9035530090332,1,N,2,19.0,0.5,0.5,,0.0,2.44,,22.44,1
2,2014-05-22 21:24:02,2014-05-22 21:37:07,2014-05-22,2014-05-22,785,1,6.42,,,-73.95171356201172,40.82434844970703,-73.9070053100586,40.8867073059082,1,N,2,19.0,0.5,0.5,,0.0,2.44,,22.44,1
1,2014-09-05 21:50:33,2014-09-05 22:03:24,2014-09-05,2014-09-05,771,1,6.1,,,-73.94683074951172,40.83111572265625,-73.90534973144531,40.904258728027344,1,N,2,19.0,0.5,0.5,,0.0,2.44,,22.44,1
2,2014-09-15 20:29:20,2014-09-15 20:41:20,2014-09-15,2014-09-15,720,1,6.21,,,-73.96514129638672,40.806190490722656,-73.91502380371094,40.878875732421875,1,N,2,19.0,0.5,0.5,,0.0,2.44,,22.44,1
2,2014-09-10 02:33:10,2014-09-10 02:45:59,2014-09-10,2014-09-10,769,1,6.17,,,-73.96653747558594,40.80421829223633,-73.91700744628906,40.879661560058594,1,N,2,19.0,0.5,0.5,,0.0,2.44,,22.44,1
2,2014-09-14 00:51:26,2014-09-14 01:03:41,2014-09-14,2014-09-14,735,1,6.26,,,-73.96514892578125,40.80620574951172,-73.91264343261719,40.885921478271484,1,N,2,19.0,0.5,0.5,,0.0,2.44,,22.44,1
2,2014-08-13 20:51:47,2014-08-13 21:02:48,2014-08-13,2014-08-13,661,1,6.26,,,-73.9594955444336,40.813743591308594,-73.90715026855469,40.887725830078125,1,N,2,19.0,0.5,0.5,,0.0,2.44,,22.44,1
1,2014-08-16 20:56:17,2014-08-16 21:11:39,2014-08-16,2014-08-16,922,1,6.2,,,-73.96495819091797,40.8067741394043,-73.91740417480469,40.8788948059082,1,N,2,19.0,0.5,0.5,,0.0,2.44,,22.44,1
2,2014-08-10 01:31:59,2014-08-10 01:44:18,2014-08-10,2014-08-10,739,1,6.26,,,-73.94859313964844,40.828773498535156,-73.90593719482422,40.904266357421875,1,N,2,19.0,0.5,0.5,,0.0,2.44,,22.44,1
2,2014-08-23 20:45:49,2014-08-23 20:57:44,2014-08-23,2014-08-23,715,1,6.21,,,-73.9632797241211,40.80872344970703,-73.91278076171875,40.88584518432617,1,N,2,19.0,0.5,0.5,,0.0,2.44,,22.44,1
2,2014-08-07 20:39:17,2014-08-07 20:51:48,2014-08-07,2014-08-07,751,1,6.41,,,-73.9640121459961,40.80780792236328,-73.91277313232422,40.8859748840332,1,N,2,19.0,0.5,0.5,,0.0,2.44,,22.44,1
1,2014-05-09 20:03:50,2014-05-09 20:13:38,2014-05-09,2014-05-09,588,1,3.9,,,-73.94230651855469,40.84117889404297,-73.91988372802734,40.8803825378418,1,N,2,13.0,0.5,0.5,,0.0,2.44,,16.44,1
2,2014-05-09 21:19:43,2014-05-09 21:27:47,2014-05-09,2014-05-09,484,1,3.84,,,-73.94121551513672,40.84065628051758,-73.9161148071289,40.88265609741211,1,N,2,13.0,0.5,0.5,,0.0,2.44,,16.44,1
2,2014-05-20 00:08:15,2014-05-20 00:17:50,2014-05-20,2014-05-20,575,1,3.82,,,-73.92521667480469,40.86228561401367,-73.90644836425781,40.905208587646484,1,N,2,13.0,0.5,0.5,,0.0,2.44,,16.44,1
2,2014-05-06 20:53:43,2014-05-06 21:02:40,2014-05-06,2014-05-06,537,1,4.13,,,-73.9422607421875,40.84202194213867,-73.90966796875,40.8836784362793,1,N,2,13.0,0.5,0.5,,0.0,2.44,,16.44,1
2,2014-09-15 20:12:51,2014-09-15 20:21:33,2014-09-15,2014-09-15,522,1,4.04,,,-73.9426040649414,40.84083938598633,-73.91332244873047,40.88911819458008,1,N,2,13.0,0.5,0.5,,0.0,2.44,,16.44,1
2,2014-09-03 20:15:03,2014-09-03 20:23:02,2014-09-03,2014-09-03,479,1,4.13,,,-73.94247436523438,40.840885162353516,-73.9202651977539,40.88044357299805,1,N,2,13.0,0.5,0.5,,0.0,2.44,,16.44,1
1,2014-09-04 21:51:25,2014-09-04 22:01:39,2014-09-04,2014-09-04,614,1,3.7,,,-73.94172668457031,40.83821487426758,-73.91768646240234,40.8778190612793,1,N,2,13.0,0.5,0.5,,0.0,2.44,,16.44,1
2,2014-09-11 20:33:25,2014-09-11 20:43:44,2014-09-11,2014-09-11,619,1,3.81,,,-73.94242095947266,40.84098434448242,-73.91316986083984,40.886192321777344,1,N,2,13.0,0.5,0.5,,0.0,2.44,,16.44,1
2,2014-09-13 21:54:34,2014-09-13 22:03:00,2014-09-13,2014-09-13,506,1,3.82,,,-73.9399185180664,40.84110641479492,-73.91620635986328,40.88070297241211,1,N,2,13.0,0.5,0.5,,0.0,2.44,,16.44,1
2,2014-08-19 20:28:42,2014-08-19 20:36:35,2014-08-19,2014-08-19,473,1,4.19,,,-73.94329833984375,40.84033966064453,-73.90987396240234,40.8892822265625,1,N,2,13.0,0.5,0.5,,0.0,2.44,,16.44,1
2,2014-05-09 21:07:37,2014-05-09 21:22:19,2014-05-09,2014-05-09,882,1,6.26,,,-73.9594955444336,40.80903625488281,-73.91262817382812,40.88618850708008,1,N,2,19.5,0.5,0.5,,0.0,2.44,,22.94,1
2,2014-05-02 23:00:16,2014-05-02 23:12:34,2014-05-02,2014-05-02,738,1,6.51,,,-73.96641540527344,40.80473327636719,-73.9129867553711,40.886131286621094,1,N,2,19.5,0.5,0.5,,0.0,2.44,,22.94,1
2,2014-09-11 21:26:44,2014-09-11 21:39:33,2014-09-11,2014-09-11,769,1,6.29,,,-73.95999908447266,40.80837631225586,-73.91046142578125,40.88751220703125,1,N,2,19.5,0.5,0.5,,0.0,2.44,,22.94,1
2,2014-09-13 22:48:33,2014-09-13 23:00:58,2014-09-13,2014-09-13,745,1,6.38,,,-73.96632385253906,40.8043327331543,-73.9146499633789,40.884437561035156,1,N,2,19.5,0.5,0.5,,0.0,2.44,,22.94,1
2,2014-08-01 02:22:47,2014-08-01 02:36:18,2014-08-01,2014-08-01,811,1,6.4,,,-73.96581268310547,40.805294036865234,-73.9126205444336,40.88605880737305,1,N,2,19.5,0.5,0.5,,0.0,2.44,,22.94,1
2,2014-08-01 23:16:39,2014-08-01 23:31:31,2014-08-01,2014-08-01,892,1,6.19,,,-73.96647644042969,40.80445098876953,-73.91454315185547,40.879547119140625,1,N,2,19.5,0.5,0.5,,0.0,2.44,,22.94,1
2,2014-08-23 23:44:28,2014-08-23 23:55:17,2014-08-23,2014-08-23,649,1,6.67,,,-73.96727752685547,40.81058883666992,-73.91524505615234,40.87887191772461,1,N,2,19.5,0.5,0.5,,0.0,2.44,,22.94,1
2,2014-08-12 05:16:51,2014-08-12 05:28:28,2014-08-12,2014-08-12,697,1,6.65,,,-73.94112396240234,40.83902359008789,-73.8965835571289,40.9062614440918,1,N,2,19.5,0.5,0.5,,0.0,2.44,,22.94,1
2,2014-05-25 01:08:35,2014-05-25 01:27:39,2014-05-25,2014-05-25,1144,1,6.11,,,-73.92520141601562,40.86224365234375,-73.90234375,40.93691635131836,1,N,2,20.5,0.5,0.5,,0.0,2.44,,23.94,1
2,2014-05-08 20:01:39,2014-05-08 20:14:51,2014-05-08,2014-05-08,792,1,5.25,,,-73.93003845214844,40.85434341430664,-73.90038299560547,40.90546798706055,1,N,2,17.0,0.5,0.5,,0.0,2.44,,20.44,1
2,2014-05-08 21:10:39,2014-05-08 21:27:18,2014-05-08,2014-05-08,999,1,11.11,,,-73.88046264648438,40.87990188598633,-73.96649932861328,40.80838394165039,1,N,2,30.5,0.5,0.5,,0.0,2.44,,33.94,1
2,2014-05-08 21:20:01,2014-05-08 21:31:37,2014-05-08,2014-05-08,696,1,5.92,,,-73.95780181884766,40.8113899230957,-73.91465759277344,40.879127502441406,1,N,2,17.5,0.5,0.5,,0.0,2.44,,20.94,1
2,2014-05-09 20:21:19,2014-05-09 20:34:04,2014-05-09,2014-05-09,765,1,5.11,,,-73.93025207519531,40.85390853881836,-73.89996337890625,40.90388107299805,1,N,2,16.0,0.5,0.5,,0.0,2.44,,19.44,1
2,2014-05-09 22:11:17,2014-05-09 22:35:19,2014-05-09,2014-05-09,1442,1,13.51,,,-73.87981414794922,40.879642486572266,-73.98915100097656,40.7778205871582,1,N,2,38.0,0.5,0.5,,0.0,2.44,,41.44,1
2,2014-05-19 23:25:56,2014-05-19 23:49:54,2014-05-19,2014-05-19,1438,1,8.69,,,-73.95271301269531,40.810855865478516,-73.90509796142578,40.918121337890625,1,N,2,26.5,0.5,0.5,,0.0,2.44,,29.94,1
2,2014-05-20 20:07:49,2014-05-20 20:20:53,2014-05-20,2014-05-20,784,1,4.98,,,-73.93206787109375,40.853515625,-73.89993286132812,40.90386199951172,1,N,2,16.0,0.5,0.5,,0.0,2.44,,19.44,1
2,2014-05-21 00:44:23,2014-05-21 00:49:43,2014-05-21,2014-05-21,320,1,1.73,,,-73.92579650878906,40.86336135864258,-73.91661834716797,40.87845993041992,1,N,2,7.5,0.5,0.5,,0.0,2.44,,10.94,1
2,2014-05-14 20:48:23,2014-05-14 21:05:56,2014-05-14,2014-05-14,1053,1,7.69,,,-73.94522857666016,40.807926177978516,-73.90081024169922,40.89431381225586,1,N,2,23.5,0.5,0.5,,0.0,2.44,,26.94,1
2,2014-05-14 22:21:16,2014-05-14 22:27:41,2014-05-14,2014-05-14,385,1,2.11,,,-73.9267349243164,40.86482620239258,-73.91043090820312,40.886375427246094,1,N,2,8.5,0.5,0.5,,0.0,2.44,,11.94,1
2,2014-05-22 20:46:09,2014-05-22 21:12:25,2014-05-22,2014-05-22,1576,1,7.48,,,-73.94607543945312,40.806880950927734,-73.91268157958984,40.88969802856445,1,N,2,26.0,0.5,0.5,,0.0,2.44,,29.44,1
2,2014-05-22 23:19:32,2014-05-22 23:37:11,2014-05-22,2014-05-22,1059,1,6.88,,,-73.94509887695312,40.80808639526367,-73.92028045654297,40.8829231262207,1,N,2,21.5,0.5,0.5,,0.0,2.44,,24.94,1
2,2014-05-02 23:35:17,2014-05-02 23:44:47,2014-05-02,2014-05-02,570,1,3.47,,,-73.93574523925781,40.8502082824707,-73.90892028808594,40.88581085205078,1,N,2,12.5,0.5,0.5,,0.0,2.44,,15.94,1
2,2014-05-06 22:26:16,2014-05-06 22:42:57,2014-05-06,2014-05-06,1001,1,7.02,,,-73.95292663574219,40.80731964111328,-73.90385437011719,40.88762664794922,1,N,2,22.0,0.5,0.5,,0.0,2.44,,25.44,1
2,2014-05-28 00:00:57,2014-05-28 00:17:20,2014-05-28,2014-05-28,983,1,6.89,,,-73.95374298095703,40.80660629272461,-73.9167251586914,40.88911437988281,1,N,2,21.5,0.5,0.5,,0.0,2.44,,24.94,1
2,2014-05-28 00:47:57,2014-05-28 00:56:30,2014-05-28,2014-05-28,513,1,3.1,,,-73.9384994506836,40.84763717651367,-73.91493225097656,40.878814697265625,1,N,2,11.0,0.5,0.5,,0.0,2.44,,14.44,1
2,2014-05-30 20:07:17,2014-05-30 20:20:12,2014-05-30,2014-05-30,775,1,5.27,,,-73.92996215820312,40.85439682006836,-73.90026092529297,40.90547561645508,1,N,2,16.5,0.5,0.5,,0.0,2.44,,19.94,1
2,2014-05-30 22:20:34,2014-05-30 22:29:34,2014-05-30,2014-05-30,540,1,4.87,,,-73.94042205810547,40.8396110534668,-73.91028594970703,40.89256286621094,1,N,2,15.0,0.5,0.5,,0.0,2.44,,18.44,1
2,2014-05-31 01:16:30,2014-05-31 01:28:24,2014-05-31,2014-05-31,714,1,6.85,,,-73.94145965576172,40.852115631103516,-73.88060760498047,40.87664031982422,1,N,2,20.0,0.5,0.5,,0.0,2.44,,23.44,1
2,2014-05-31 02:36:29,2014-05-31 02:47:59,2014-05-31,2014-05-31,690,1,4.43,,,-73.92057800292969,40.86788558959961,-73.89680480957031,40.909629821777344,1,N,2,14.5,0.5,0.5,,0.0,2.44,,17.94,1
2,2014-09-01 00:11:03,2014-09-01 00:34:47,2014-09-01,2014-09-01,1424,1,9.33,,,-73.94723510742188,40.78813552856445,-73.91129302978516,40.87385177612305,1,N,2,28.0,0.5,0.5,,0.0,2.44,,31.44,1
2,2014-09-05 21:05:09,2014-09-05 21:09:58,2014-09-05,2014-09-05,289,1,1.92,,,-73.92696380615234,40.865631103515625,-73.91336059570312,40.885257720947266,1,N,2,7.5,0.5,0.5,,0.0,2.44,,10.94,1
2,2014-09-07 21:40:01,2014-09-07 21:57:14,2014-09-07,2014-09-07,1033,1,9.4,,,-73.95375061035156,40.787750244140625,-73.91043090820312,40.89228820800781,1,N,2,28.0,0.5,0.5,,0.0,2.44,,31.44,1
2,2014-09-07 23:59:54,2014-09-08 00:04:22,2014-09-07,2014-09-08,268,1,1.6,,,-73.92861938476562,40.86573028564453,-73.9151382446289,40.878665924072266,1,N,2,7.0,0.5,0.5,,0.0,2.44,,10.44,1
2,2014-09-17 20:16:24,2014-09-17 20:32:43,2014-09-17,2014-09-17,979,1,6.28,,,-73.96385192871094,40.80790328979492,-73.91317749023438,40.88255310058594,1,N,2,20.0,0.5,0.5,,0.0,2.44,,23.44,1
2,2014-09-17 20:17:19,2014-09-17 20:30:51,2014-09-17,2014-09-17,812,1,6.03,,,-73.94131469726562,40.839332580566406,-73.9177017211914,40.87870788574219,1,N,2,17.5,0.5,0.5,,0.0,2.44,,20.94,1
2,2014-09-17 21:12:44,2014-09-17 21:29:07,2014-09-17,2014-09-17,983,1,6.91,,,-73.96448516845703,40.80701446533203,-73.90472412109375,40.887176513671875,1,N,2,21.5,0.5,0.5,,0.0,2.44,,24.94,1
2,2014-09-18 05:21:09,2014-09-18 05:28:13,2014-09-18,2014-09-18,424,1,3.74,,,-73.93987274169922,40.8409538269043,-73.91845703125,40.878604888916016,1,N,2,12.0,0.5,0.5,,0.0,2.44,,15.44,1
2,2014-09-27 02:15:53,2014-09-27 02:28:48,2014-09-27,2014-09-27,775,1,6.88,,,-73.94986724853516,40.82703399658203,-73.89960479736328,40.909568786621094,1,N,2,20.5,0.5,0.5,,0.0,2.44,,23.94,1
2,2014-09-22 00:16:02,2014-09-22 00:27:32,2014-09-22,2014-09-22,690,1,6.82,,,-73.92750549316406,40.86566162109375,-73.87541961669922,40.932830810546875,1,N,2,20.0,0.5,0.5,,0.0,2.44,,23.44,1
2,2014-09-25 21:06:03,2014-09-25 21:14:58,2014-09-25,2014-09-25,535,1,4.41,,,-73.94422149658203,40.834808349609375,-73.91211700439453,40.88730239868164,1,N,2,14.0,0.5,0.5,,0.0,2.44,,17.44,1
2,2014-09-25 22:09:42,2014-09-25 22:27:47,2014-09-25,2014-09-25,1085,1,9.53,,,-73.95614624023438,40.81298828125,-73.8953628540039,40.92618179321289,1,N,2,27.0,0.5,0.5,,0.0,2.44,,30.44,1
2,2014-09-25 22:51:36,2014-09-25 23:09:06,2014-09-25,2014-09-25,1050,1,7.38,,,-73.96446990966797,40.80733108520508,-73.90290832519531,40.88994598388672,1,N,2,23.0,0.5,0.5,,0.0,2.44,,26.44,1
2,2014-09-27 22:30:53,2014-09-27 23:34:22,2014-09-27,2014-09-27,3809,1,19.69,,,-74.0111083984375,40.678836822509766,-73.91220092773438,40.887451171875,1,N,2,62.5,0.5,0.5,,0.0,2.44,,65.94,1
2,2014-09-26 20:29:50,2014-09-26 20:44:06,2014-09-26,2014-09-26,856,1,5.69,,,-73.95359802246094,40.82239532470703,-73.91670227050781,40.8816032409668,1,N,2,17.5,0.5,0.5,,0.0,2.44,,20.94,1
2,2014-09-27 01:27:03,2014-09-27 01:37:47,2014-09-27,2014-09-27,644,1,4.87,,,-73.94039154052734,40.84151840209961,-73.9104232788086,40.892574310302734,1,N,2,16.0,0.5,0.5,,0.0,2.44,,19.44,1
2,2014-09-28 03:24:06,2014-09-28 03:29:14,2014-09-28,2014-09-28,308,1,1.95,,,-73.92730712890625,40.86561965942383,-73.91304016113281,40.88591766357422,1,N,2,8.0,0.5,0.5,,0.0,2.44,,11.44,1
2,2014-09-01 21:26:21,2014-09-01 21:41:34,2014-09-01,2014-09-01,913,1,5.43,,,-73.9521484375,40.824012756347656,-73.92151641845703,40.88167953491211,1,N,2,18.5,0.5,0.5,,0.0,2.44,,21.94,1
2,2014-09-01 23:36:03,2014-09-01 23:51:08,2014-09-01,2014-09-01,905,1,7.69,,,-73.93940734863281,40.805198669433594,-73.90574645996094,40.887603759765625,1,N,2,22.5,0.5,0.5,,0.0,2.44,,25.94,1
2,2014-09-15 21:47:12,2014-09-15 22:04:10,2014-09-15,2014-09-15,1018,1,8.52,,,-73.95207214355469,40.789920806884766,-73.91710662841797,40.878292083740234,1,N,2,25.5,0.5,0.5,,0.0,2.44,,28.94,1
2,2014-09-16 04:43:29,2014-09-16 04:58:31,2014-09-16,2014-09-16,902,1,6.35,,,-73.94486236572266,40.83388900756836,-73.89805603027344,40.889617919921875,1,N,2,20.5,0.5,0.5,,0.0,2.44,,23.94,1
2,2014-09-18 21:53:09,2014-09-18 22:05:20,2014-09-18,2014-09-18,731,1,5.97,,,-73.96006774902344,40.81316375732422,-73.91180419921875,40.88695526123047,1,N,2,18.5,0.5,0.5,,0.0,2.44,,21.94,1
2,2014-09-19 20:30:31,2014-09-19 21:54:45,2014-09-19,2014-09-19,5054,1,24.16,,,-73.96707916259766,40.64009094238281,-73.9179458618164,40.87753677368164,1,N,2,78.5,0.5,0.5,,0.0,2.44,,81.94,1
2,2014-09-19 21:33:01,2014-09-19 21:43:15,2014-09-19,2014-09-19,614,1,4.29,,,-73.94277954101562,40.84109878540039,-73.91703033447266,40.88892364501953,1,N,2,14.0,0.5,0.5,,0.0,2.44,,17.44,1
2,2014-09-19 22:18:38,2014-09-19 22:34:30,2014-09-19,2014-09-19,952,1,6.21,,,-73.9365005493164,40.84939956665039,-73.9017562866211,40.92293167114258,1,N,2,20.0,0.5,0.5,,0.0,2.44,,23.44,1
2,2014-09-19 23:06:33,2014-09-19 23:21:57,2014-09-19,2014-09-19,924,1,7.98,,,-73.9582748413086,40.81532287597656,-73.89656066894531,40.90647888183594,1,N,2,23.5,0.5,0.5,,0.0,2.44,,26.94,1
2,2014-09-04 20:52:28,2014-09-04 21:19:38,2014-09-04,2014-09-04,1630,1,6.07,,,-73.9566650390625,40.82082748413086,-73.90912628173828,40.89297103881836,1,N,2,25.0,0.5,0.5,,0.0,2.44,,28.44,1
2,2014-09-04 21:44:06,2014-09-04 22:04:58,2014-09-04,2014-09-04,1252,1,6.95,,,-73.95110321044922,40.810150146484375,-73.9077377319336,40.886436462402344,1,N,2,23.5,0.5,0.5,,0.0,2.44,,26.94,1
2,2014-09-09 20:47:36,2014-09-09 20:56:41,2014-09-09,2014-09-09,545,1,4.21,,,-73.94242858886719,40.84184646606445,-73.91992950439453,40.88035202026367,1,N,2,13.5,0.5,0.5,,0.0,2.44,,16.94,1
2,2014-09-11 20:24:15,2014-09-11 20:37:07,2014-09-11,2014-09-11,772,1,5.12,,,-73.9302978515625,40.85392379760742,-73.89989471435547,40.903846740722656,1,N,2,16.0,0.5,0.5,,0.0,2.44,,19.44,1
2,2014-09-12 02:34:24,2014-09-12 02:49:19,2014-09-12,2014-09-12,895,1,8.35,,,-73.96194458007812,40.810672760009766,-73.90230560302734,40.914188385009766,1,N,2,24.5,0.5,0.5,,0.0,2.44,,27.94,1
2,2014-09-12 21:10:02,2014-09-12 21:28:05,2014-09-12,2014-09-12,1083,1,6.44,,,-73.93415832519531,40.85335159301758,-73.93412017822266,40.853538513183594,1,N,2,20.5,0.5,0.5,,0.0,2.44,,23.94,1
2,2014-09-12 23:39:11,2014-09-13 00:13:11,2014-09-12,2014-09-13,2040,1,17.95,,,-73.99475860595703,40.699710845947266,-73.92205047607422,40.881072998046875,1,N,2,49.5,0.5,0.5,,0.0,2.44,,52.94,1
2,2014-09-13 01:29:54,2014-09-13 01:47:34,2014-09-13,2014-09-13,1060,1,8.83,,,-73.95829010009766,40.81545639038086,-73.89347839355469,40.91466522216797,1,N,2,25.5,0.5,0.5,,0.0,2.44,,28.94,1
2,2014-09-13 21:13:02,2014-09-13 21:24:06,2014-09-13,2014-09-13,664,1,6.05,,,-73.88265991210938,40.88269805908203,-73.92961120605469,40.866111755371094,1,N,2,17.5,0.5,0.5,,0.0,2.44,,20.94,1
2,2014-09-13 21:45:42,2014-09-13 22:39:08,2014-09-13,2014-09-13,3206,1,19.77,,,-73.95480346679688,40.717872619628906,-73.91399383544922,40.883827209472656,1,N,2,59.5,0.5,0.5,,0.0,2.44,,62.94,1
2,2014-09-13 22:00:56,2014-09-13 22:14:49,2014-09-13,2014-09-13,833,1,5.23,,,-73.95042419433594,40.826255798339844,-73.90968322753906,40.8865966796875,1,N,2,17.0,0.5,0.5,,0.0,2.44,,20.44,1
2,2014-09-21 20:22:01,2014-09-21 20:45:36,2014-09-21,2014-09-21,1415,1,11.05,,,-73.9657974243164,40.80526351928711,-73.8991470336914,40.88065719604492,1,N,2,31.0,0.5,0.5,,0.0,2.44,,34.44,1
2,2014-09-22 21:34:32,2014-09-22 21:45:25,2014-09-22,2014-09-22,653,1,4.9,,,-73.94161224365234,40.841732025146484,-73.90096282958984,40.896812438964844,1,N,2,15.0,0.5,0.5,,0.0,2.44,,18.44,1
2,2014-09-20 21:44:57,2014-09-20 21:53:17,2014-09-20,2014-09-20,500,1,2.2,,,-73.9269790649414,40.86522674560547,-73.91043090820312,40.888275146484375,1,N,2,9.5,0.5,0.5,,0.0,2.44,,12.94,1
2,2014-09-21 02:58:01,2014-09-21 03:13:02,2014-09-21,2014-09-21,901,1,5.79,,,-73.93914794921875,40.843238830566406,-73.8969497680664,40.907527923583984,1,N,2,18.5,0.5,0.5,,0.0,2.44,,21.94,1
2,2014-09-23 22:36:40,2014-09-23 22:51:51,2014-09-23,2014-09-23,911,1,6.38,,,-73.9281997680664,40.829673767089844,-73.90514373779297,40.8947868347168,1,N,2,20.0,0.5,0.5,,0.0,2.44,,23.44,1
2,2014-09-14 07:01:47,2014-09-14 07:38:30,2014-09-14,2014-09-14,2203,1,22.48,,,-73.88150787353516,40.87458038330078,-73.98326110839844,40.71694564819336,1,N,2,61.0,0.5,0.5,,0.0,2.44,,64.44,1
2,2014-09-14 20:06:14,2014-09-14 20:23:47,2014-09-14,2014-09-14,1053,1,8.99,,,-73.95372772216797,40.790740966796875,-73.90765380859375,40.88819122314453,1,N,2,26.5,0.5,0.5,,0.0,2.44,,29.94,1
2,2014-09-14 21:19:16,2014-09-14 21:37:40,2014-09-14,2014-09-14,1104,1,6.57,,,-73.95413208007812,40.82115173339844,-73.90320587158203,40.87846374511719,1,N,2,21.0,0.5,0.5,,0.0,2.44,,24.44,1
2,2014-09-14 21:37:35,2014-09-14 21:49:25,2014-09-14,2014-09-14,710,1,3.74,,,-73.92760467529297,40.86539077758789,-73.90626525878906,40.90408706665039,1,N,2,13.5,0.5,0.5,,0.0,2.44,,16.94,1
2,2014-09-14 21:50:15,2014-09-14 22:28:31,2014-09-14,2014-09-14,2296,1,16.74,,,-73.93890380859375,40.80487060546875,-73.82373046875,40.95631790161133,1,N,2,49.0,0.5,0.5,,0.0,2.44,,52.44,1
2,2014-09-15 00:52:14,2014-09-15 01:01:52,2014-09-15,2014-09-15,578,1,4.61,,,-73.93980407714844,40.84095001220703,-73.90838623046875,40.88283157348633,1,N,2,14.5,0.5,0.5,,0.0,2.44,,17.94,1
2,2014-09-15 02:10:25,2014-09-15 02:17:15,2014-09-15,2014-09-15,410,1,2.45,,,-73.92813110351562,40.86632537841797,-73.91136169433594,40.88825988769531,1,N,2,9.5,0.5,0.5,,0.0,2.44,,12.94,1
2,2014-09-16 23:32:46,2014-09-16 23:46:23,2014-09-16,2014-09-16,817,1,6.61,,,-73.96543884277344,40.80587387084961,-73.91879272460938,40.88069152832031,1,N,2,20.0,0.5,0.5,,0.0,2.44,,23.44,1
2,2014-09-16 23:45:23,2014-09-17 00:00:39,2014-09-16,2014-09-17,916,1,8.0,,,-73.96219635009766,40.81022644042969,-73.90080261230469,40.90679168701172,1,N,2,23.5,0.5,0.5,,0.0,2.44,,26.94,1
2,2014-08-03 22:53:39,2014-08-03 23:09:09,2014-08-03,2014-08-03,930,1,7.14,,,-73.93733215332031,40.80435562133789,-73.90859985351562,40.88651657104492,1,N,2,21.5,0.5,0.5,,0.0,2.44,,24.94,1
2,2014-08-13 20:28:12,2014-08-13 20:40:30,2014-08-13,2014-08-13,738,1,4.71,,,-73.93596649169922,40.85002899169922,-73.90521240234375,40.887325286865234,1,N,2,15.0,0.5,0.5,,0.0,2.44,,18.44,1
2,2014-08-13 20:28:58,2014-08-13 20:37:28,2014-08-13,2014-08-13,510,1,3.74,,,-73.94256591796875,40.84135437011719,-73.92008209228516,40.88032150268555,1,N,2,12.5,0.5,0.5,,0.0,2.44,,15.94,1
2,2014-08-13 21:01:58,2014-08-13 21:36:17,2014-08-13,2014-08-13,2059,1,18.82,,,-73.94298553466797,40.8415641784668,-73.81832122802734,41.04319763183594,1,N,2,53.0,0.5,0.5,,0.0,2.44,,56.44,1
2,2014-08-16 20:04:37,2014-08-16 20:16:28,2014-08-16,2014-08-16,711,1,5.14,,,-73.93009948730469,40.85425567626953,-73.89995574951172,40.90390396118164,1,N,2,16.0,0.5,0.5,,0.0,2.44,,19.44,1
2,2014-08-16 23:55:02,2014-08-16 23:59:56,2014-08-16,2014-08-16,294,1,1.77,,,-73.92684173583984,40.86568069458008,-73.91417694091797,40.878150939941406,1,N,2,7.0,0.5,0.5,,0.0,2.44,,10.44,1
2,2014-08-17 00:33:15,2014-08-17 00:47:31,2014-08-17,2014-08-17,856,1,6.94,,,-73.95157623291016,40.81196212768555,-73.90836334228516,40.882835388183594,1,N,2,21.0,0.5,0.5,,0.0,2.44,,24.44,1
2,2014-08-17 01:07:36,2014-08-17 01:21:12,2014-08-17,2014-08-17,816,1,6.58,,,-73.94532012939453,40.83319091796875,-73.9021987915039,40.91447067260742,1,N,2,20.5,0.5,0.5,,0.0,2.44,,23.94,1
2,2014-08-17 03:29:49,2014-08-17 03:40:23,2014-08-17,2014-08-17,634,1,4.9,,,-73.93963623046875,40.840293884277344,-73.9090805053711,40.89194869995117,1,N,2,15.5,0.5,0.5,,0.0,2.44,,18.94,1
2,2014-08-26 23:11:20,2014-08-26 23:14:20,2014-08-26,2014-08-26,180,1,1.53,,,-73.92694091796875,40.86552047729492,-73.91690826416016,40.87956619262695,1,N,2,6.5,0.5,0.5,,0.0,2.44,,9.94,1
2,2014-08-30 23:48:37,2014-08-31 00:00:25,2014-08-30,2014-08-31,708,1,5.88,,,-73.9636459350586,40.80802917480469,-73.91266632080078,40.88582992553711,1,N,2,18.5,0.5,0.5,,0.0,2.44,,21.94,1
2,2014-08-31 00:25:49,2014-08-31 00:43:03,2014-08-31,2014-08-31,1034,1,6.29,,,-73.93167877197266,40.8687858581543,-73.87615203857422,40.87999725341797,1,N,2,21.5,0.5,0.5,,0.0,2.44,,24.94,1
2,2014-08-31 00:55:32,2014-08-31 01:15:55,2014-08-31,2014-08-31,1223,1,10.58,,,-73.91685485839844,40.87852096557617,-73.99031829833984,40.761863708496094,1,N,2,30.5,0.5,0.5,,0.0,2.44,,33.94,1
2,2014-08-01 20:38:53,2014-08-01 20:59:03,2014-08-01,2014-08-01,1210,1,7.29,,,-73.92154693603516,40.86756134033203,-73.89044952392578,40.94601821899414,1,N,2,23.0,0.5,0.5,,0.0,2.44,,26.44,1
2,2014-08-01 21:41:54,2014-08-01 21:51:36,2014-08-01,2014-08-01,582,1,3.94,,,-73.93710327148438,40.85466384887695,-73.90486907958984,40.887210845947266,1,N,2,13.5,0.5,0.5,,0.0,2.44,,16.94,1
2,2014-08-01 22:51:06,2014-08-01 23:12:43,2014-08-01,2014-08-01,1297,1,25.55,,,-73.87994384765625,40.87983322143555,-73.97944641113281,40.78618621826172,1,N,2,34.5,0.5,0.5,,0.0,2.44,,37.94,1
2,2014-08-09 23:20:39,2014-08-10 00:00:37,2014-08-09,2014-08-10,2398,1,8.2,,,-73.93771362304688,40.812843322753906,-73.9149398803711,40.87934112548828,1,N,2,34.5,0.5,0.5,,0.0,2.44,,37.94,1
2,2014-08-09 23:32:19,2014-08-09 23:38:31,2014-08-09,2014-08-09,372,1,1.67,,,-73.92835235595703,40.865821838378906,-73.9154052734375,40.878028869628906,1,N,2,7.5,0.5,0.5,,0.0,2.44,,10.94,1
2,2014-08-10 23:50:24,2014-08-11 00:33:50,2014-08-10,2014-08-11,2606,1,16.83,,,-73.93553161621094,40.69683837890625,-73.91716766357422,40.878662109375,1,N,2,50.0,0.5,0.5,,0.0,2.44,,53.44,1
2,2014-08-25 20:10:08,2014-08-25 20:28:40,2014-08-25,2014-08-25,1112,1,9.6,,,-73.95279693603516,40.789669036865234,-73.91051483154297,40.892337799072266,1,N,2,28.0,0.5,0.5,,0.0,2.44,,31.44,1
2,2014-08-25 21:27:23,2014-08-25 21:35:50,2014-08-25,2014-08-25,507,1,3.84,,,-73.94227600097656,40.84171676635742,-73.91180419921875,40.88594436645508,1,N,2,12.5,0.5,0.5,,0.0,2.44,,15.94,1
2,2014-08-25 21:31:39,2014-08-25 21:41:46,2014-08-25,2014-08-25,607,1,4.12,,,-73.94223022460938,40.8416633605957,-73.91307830810547,40.88899612426758,1,N,2,14.0,0.5,0.5,,0.0,2.44,,17.44,1
2,2014-08-03 01:10:14,2014-08-03 01:13:20,2014-08-03,2014-08-03,186,1,1.86,,,-73.90892791748047,40.88966369628906,-73.92994689941406,40.86772918701172,1,N,2,7.0,0.5,0.5,,0.0,2.44,,10.44,1
2,2014-08-15 00:26:16,2014-08-15 00:38:50,2014-08-15,2014-08-15,754,1,5.85,,,-73.9540786743164,40.821372985839844,-73.90708923339844,40.886714935302734,1,N,2,18.5,0.5,0.5,,0.0,2.44,,21.94,1
2,2014-08-20 21:49:38,2014-08-20 22:06:23,2014-08-20,2014-08-20,1005,1,8.65,,,-73.94966125488281,40.82693862915039,-73.87891387939453,40.883018493652344,1,N,2,25.5,0.5,0.5,,0.0,2.44,,28.94,1
2,2014-08-23 23:03:40,2014-08-23 23:17:04,2014-08-23,2014-08-23,804,1,6.74,,,-73.9664535522461,40.804344177246094,-73.91258239746094,40.8860969543457,1,N,2,20.0,0.5,0.5,,0.0,2.44,,23.44,1
2,2014-08-23 23:11:42,2014-08-23 23:30:13,2014-08-23,2014-08-23,1111,1,7.3,,,-73.95662689208984,40.80263137817383,-73.90612030029297,40.88570785522461,1,N,2,23.0,0.5,0.5,,0.0,2.44,,26.44,1
2,2014-08-27 23:42:21,2014-08-27 23:56:28,2014-08-27,2014-08-27,847,1,7.81,,,-73.96245574951172,40.80980682373047,-73.897216796875,40.898773193359375,1,N,2,23.0,0.5,0.5,,0.0,2.44,,26.44,1
2,2014-08-31 19:22:44,2014-08-31 19:30:41,2014-08-31,2014-08-31,477,1,3.97,,,-73.94074249267578,40.839988708496094,-73.91205596923828,40.88527297973633,1,N,2,12.5,0.5,0.5,,0.0,2.44,,15.94,1
2,2014-08-31 20:33:10,2014-08-31 20:40:44,2014-08-31,2014-08-31,454,1,4.33,,,-73.94816589355469,40.8362922668457,-73.90840911865234,40.88637161254883,1,N,2,13.5,0.5,0.5,,0.0,2.44,,16.94,1
2,2014-08-31 21:34:58,2014-08-31 21:45:36,2014-08-31,2014-08-31,638,1,4.51,,,-73.94120788574219,40.84174346923828,-73.91130828857422,40.89056396484375,1,N,2,14.0,0.5,0.5,,0.0,2.44,,17.44,1
2,2014-08-07 20:22:14,2014-08-07 20:33:52,2014-08-07,2014-08-07,698,1,5.16,,,-73.9299545288086,40.854610443115234,-73.89994049072266,40.90388107299805,1,N,2,15.5,0.5,0.5,,0.0,2.44,,18.94,1
2,2014-08-08 05:35:46,2014-08-08 05:44:49,2014-08-08,2014-08-08,543,1,3.43,,,-73.93785858154297,40.84781265258789,-73.91444396972656,40.88591766357422,1,N,2,12.5,0.5,0.5,,0.0,2.44,,15.94,1
1,2014-05-08 23:18:22,2014-05-08 23:34:32,2014-05-08,2014-05-08,970,1,6.5,,,-73.95606994628906,40.803531646728516,-73.9148941040039,40.87891387939453,1,N,2,21.0,0.5,0.5,,0.0,2.44,,24.44,1
1,2014-05-10 00:53:24,2014-05-10 01:02:20,2014-05-10,2014-05-10,536,1,3.5,,,-73.92532348632812,40.86248016357422,-73.90843963623047,40.89520263671875,1,N,2,12.0,0.5,0.5,,0.0,2.44,,15.44,1
1,2014-05-20 20:52:05,2014-05-20 21:02:48,2014-05-20,2014-05-20,643,1,3.3,,,-73.93836975097656,40.84642028808594,-73.91706085205078,40.87812042236328,1,N,2,12.0,0.5,0.5,,0.0,2.44,,15.44,1
1,2014-05-03 01:15:29,2014-05-03 01:21:45,2014-05-03,2014-05-03,376,1,1.7,,,-73.92718505859375,40.865692138671875,-73.91488647460938,40.87891387939453,1,N,2,7.5,0.5,0.5,,0.0,2.44,,10.94,1
1,2014-05-30 22:07:22,2014-05-30 22:18:51,2014-05-30,2014-05-30,689,1,6.1,,,-73.96119689941406,40.8104133605957,-73.91283416748047,40.885807037353516,1,N,2,18.0,0.5,0.5,,0.0,2.44,,21.44,1
1,2014-09-05 21:47:23,2014-09-05 21:57:28,2014-09-05,2014-09-05,605,1,4.5,,,-73.94086456298828,40.83997344970703,-73.90480041503906,40.88642501831055,1,N,2,14.5,0.5,0.5,,0.0,2.44,,17.94,1
1,2014-09-30 22:20:58,2014-09-30 22:35:33,2014-09-30,2014-09-30,875,1,6.7,,,-73.96530151367188,40.80572509765625,-73.91059112548828,40.88664245605469,1,N,2,20.5,0.5,0.5,,0.0,2.44,,23.94,1
1,2014-09-29 20:06:41,2014-09-29 20:16:40,2014-09-29,2014-09-29,599,1,3.7,,,-73.94229125976562,40.841888427734375,-73.9179916381836,40.876895904541016,1,N,2,13.5,0.5,0.5,,0.0,2.44,,16.94,1
1,2014-09-18 23:47:13,2014-09-18 23:57:54,2014-09-18,2014-09-18,641,1,4.2,,,-73.9427261352539,40.84138870239258,-73.91719818115234,40.889549255371094,1,N,2,13.5,0.5,0.5,,0.0,2.44,,16.94,1
1,2014-09-19 21:19:54,2014-09-19 21:37:17,2014-09-19,2014-09-19,1043,1,6.9,,,-73.95342254638672,40.807132720947266,-73.92155456542969,40.88172912597656,1,N,2,22.0,0.5,0.5,,0.0,2.44,,25.44,1
1,2014-09-04 21:33:04,2014-09-04 21:50:40,2014-09-04,2014-09-04,1056,1,11.8,,,-73.8948974609375,40.912086486816406,-73.99946594238281,40.762943267822266,1,N,2,33.5,0.5,0.5,,0.0,2.44,,36.94,1
1,2014-09-10 23:40:19,2014-09-10 23:55:04,2014-09-10,2014-09-10,885,1,7.1,,,-73.95832061767578,40.81542205810547,-73.89865112304688,40.881954193115234,1,N,2,21.5,0.5,0.5,,0.0,2.44,,24.94,1
1,2014-09-13 02:48:14,2014-09-13 03:07:32,2014-09-13,2014-09-13,1158,1,8.6,,,-73.95087432861328,40.82564163208008,-73.88652801513672,40.91990661621094,1,N,2,25.5,0.5,0.5,,0.0,2.44,,28.94,1
1,2014-09-06 20:16:46,2014-09-06 20:39:05,2014-09-06,2014-09-06,1339,1,10.3,,,-73.94121551513672,40.83984375,-73.90253448486328,40.93647384643555,1,N,2,30.0,0.5,0.5,,0.0,2.44,,33.44,1
1,2014-09-14 00:20:19,2014-09-14 00:37:22,2014-09-14,2014-09-14,1023,1,8.1,,,-73.94874572753906,40.786216735839844,-73.91707611083984,40.87815856933594,1,N,2,24.0,0.5,0.5,,0.0,2.44,,27.44,1
1,2014-09-14 03:47:04,2014-09-14 03:58:17,2014-09-14,2014-09-14,673,1,5.5,,,-73.95831298828125,40.81528091430664,-73.91763305664062,40.88081741333008,1,N,2,17.5,0.5,0.5,,0.0,2.44,,20.94,1
1,2014-09-14 19:54:37,2014-09-14 20:05:52,2014-09-14,2014-09-14,675,1,4.6,,,-73.94221496582031,40.84124755859375,-73.91197204589844,40.88968276977539,1,N,2,15.0,0.5,0.5,,0.0,2.44,,18.44,1
1,2014-09-16 23:38:54,2014-09-16 23:49:34,2014-09-16,2014-09-16,640,1,5.1,,,-73.95167541503906,40.82454299926758,-73.91129302978516,40.88458251953125,1,N,2,16.0,0.5,0.5,,0.0,2.44,,19.44,1
1,2014-08-17 22:22:48,2014-08-17 22:32:58,2014-08-17,2014-08-17,610,1,5.9,,,-73.96192169189453,40.81023025512695,-73.91464233398438,40.88435745239258,1,N,2,18.0,0.5,0.5,,0.0,2.44,,21.44,1
1,2014-08-26 21:15:58,2014-08-26 21:31:42,2014-08-26,2014-08-26,944,1,7.1,,,-73.95161437988281,40.809661865234375,-73.9089584350586,40.89240646362305,1,N,2,21.0,0.5,0.5,,0.0,2.44,,24.44,1
1,2014-08-05 23:46:50,2014-08-06 00:19:36,2014-08-05,2014-08-06,1966,1,17.6,,,-73.86808776855469,40.85836410522461,-74.00959014892578,40.739830017089844,1,N,2,50.0,0.5,0.5,,0.0,2.44,,53.44,1
1,2014-08-25 21:44:26,2014-08-25 21:55:42,2014-08-25,2014-08-25,676,1,3.5,,,-73.93769073486328,40.8438720703125,-73.91497039794922,40.8789176940918,1,N,2,12.5,0.5,0.5,,0.0,2.44,,15.94,1
1,2014-08-03 03:02:59,2014-08-03 03:16:49,2014-08-03,2014-08-03,830,1,6.8,,,-73.95265197753906,40.82400131225586,-73.899658203125,40.90946960449219,1,N,2,20.0,0.5,0.5,,0.0,2.44,,23.44,1
1,2014-08-14 23:08:12,2014-08-14 23:16:58,2014-08-14,2014-08-14,526,1,6.0,,,-73.89664459228516,40.90226364135742,-73.94039916992188,40.84895706176758,1,N,2,17.0,0.5,0.5,,0.0,2.44,,20.44,1
1,2014-08-23 23:56:54,2014-08-24 00:02:17,2014-08-23,2014-08-24,323,1,1.8,,,-73.92723846435547,40.865699768066406,-73.91346740722656,40.88493728637695,1,N,2,7.5,0.5,0.5,,0.0,2.44,,10.94,1
1,2014-08-24 04:22:53,2014-08-24 04:32:08,2014-08-24,2014-08-24,555,1,5.9,,,-73.95882415771484,40.81995391845703,-73.90846252441406,40.87644958496094,1,N,2,17.0,0.5,0.5,,0.0,2.44,,20.44,1
1,2014-08-31 22:41:25,2014-08-31 22:49:45,2014-08-31,2014-08-31,500,1,3.4,,,-73.92583465576172,40.86338424682617,-73.90841674804688,40.895206451416016,1,N,2,12.0,0.5,0.5,,0.0,2.44,,15.44,1
1,2014-05-09 22:22:18,2014-05-09 22:38:45,2014-05-09,2014-05-09,987,1,6.9,,,-73.9538803100586,40.80643844604492,-73.91703796386719,40.88939666748047,1,Y,2,21.0,0.5,0.5,,0.0,2.44,,24.44,1
1,2014-09-20 22:07:49,2014-09-20 22:54:45,2014-09-20,2014-09-20,2816,1,19.0,,,-73.96797180175781,40.688716888427734,-73.9054946899414,40.88707733154297,1,Y,2,56.0,0.5,0.5,,0.0,2.44,,59.44,1
2,2014-05-20 16:46:29,2014-05-20 17:01:27,2014-05-20,2014-05-20,898,1,3.86,,,-73.94245910644531,40.841941833496094,-73.91197204589844,40.88551330566406,1,N,2,16.0,1.0,0.5,,0.0,2.44,,19.94,1
2,2014-05-22 19:35:17,2014-05-22 19:47:47,2014-05-22,2014-05-22,750,1,5.28,,,-73.92964935302734,40.85446548461914,-73.90032958984375,40.90552520751953,1,N,2,16.0,1.0,0.5,,0.0,2.44,,19.94,1
2,2014-05-06 19:36:14,2014-05-06 19:49:12,2014-05-06,2014-05-06,778,1,5.14,,,-73.9299545288086,40.85443115234375,-73.89990234375,40.90378189086914,1,N,2,16.0,1.0,0.5,,0.0,2.44,,19.94,1
2,2014-05-27 19:40:53,2014-05-27 19:54:10,2014-05-27,2014-05-27,797,1,5.16,,,-73.9297866821289,40.85456085205078,-73.89997100830078,40.90386962890625,1,N,2,16.0,1.0,0.5,,0.0,2.44,,19.94,1
2,2014-09-02 19:41:11,2014-09-02 19:52:56,2014-09-02,2014-09-02,705,1,5.17,,,-73.92991638183594,40.85452651977539,-73.89990997314453,40.903846740722656,1,N,2,16.0,1.0,0.5,,0.0,2.44,,19.94,1
2,2014-09-05 19:27:27,2014-09-05 19:39:50,2014-09-05,2014-09-05,743,1,5.15,,,-73.93013763427734,40.85416793823242,-73.89984130859375,40.903839111328125,1,N,2,16.0,1.0,0.5,,0.0,2.44,,19.94,1
2,2014-09-17 19:37:13,2014-09-17 19:49:44,2014-09-17,2014-09-17,751,1,5.22,,,-73.93042755126953,40.8537483215332,-73.90029907226562,40.90550994873047,1,N,2,16.0,1.0,0.5,,0.0,2.44,,19.94,1
2,2014-09-24 19:31:28,2014-09-24 19:44:25,2014-09-24,2014-09-24,777,1,5.14,,,-73.93004608154297,40.85417556762695,-73.89990997314453,40.90382766723633,1,N,2,16.0,1.0,0.5,,0.0,2.44,,19.94,1
2,2014-09-12 19:57:37,2014-09-12 20:09:21,2014-09-12,2014-09-12,704,1,5.16,,,-73.93002319335938,40.85439682006836,-73.89984130859375,40.90380096435547,1,N,2,16.0,1.0,0.5,,0.0,2.44,,19.94,1
2,2014-09-19 19:45:04,2014-09-19 19:58:03,2014-09-19,2014-09-19,779,1,5.2,,,-73.92948913574219,40.85486602783203,-73.8998794555664,40.90382385253906,1,N,2,16.0,1.0,0.5,,0.0,2.44,,19.94,1
2,2014-09-03 19:16:29,2014-09-03 19:28:37,2014-09-03,2014-09-03,728,1,5.16,,,-73.92996978759766,40.854408264160156,-73.89988708496094,40.90381622314453,1,N,2,16.0,1.0,0.5,,0.0,2.44,,19.94,1
2,2014-09-22 19:33:21,2014-09-22 19:45:31,2014-09-22,2014-09-22,730,1,5.1,,,-73.93036651611328,40.85383605957031,-73.89997863769531,40.903831481933594,1,N,2,16.0,1.0,0.5,,0.0,2.44,,19.94,1
2,2014-09-08 19:25:23,2014-09-08 19:37:07,2014-09-08,2014-09-08,704,1,5.18,,,-73.92982482910156,40.85443115234375,-73.89986419677734,40.903846740722656,1,N,2,16.0,1.0,0.5,,0.0,2.44,,19.94,1
2,2014-09-29 17:52:55,2014-09-29 18:06:50,2014-09-29,2014-09-29,835,1,4.67,,,-73.94116973876953,40.8393440246582,-73.90885162353516,40.881103515625,1,N,2,16.0,1.0,0.5,,0.0,2.44,,19.94,1
2,2014-08-29 19:52:59,2014-08-29 20:05:17,2014-08-29,2014-08-29,738,1,5.11,,,-73.93033599853516,40.85376739501953,-73.89986419677734,40.903846740722656,1,N,2,16.0,1.0,0.5,,0.0,2.44,,19.94,1
2,2014-08-05 19:35:07,2014-08-05 19:47:13,2014-08-05,2014-08-05,726,1,5.04,,,-73.93102264404297,40.853111267089844,-73.8999252319336,40.903785705566406,1,N,2,16.0,1.0,0.5,,0.0,2.44,,19.94,1
2,2014-08-27 18:38:22,2014-08-27 18:49:46,2014-08-27,2014-08-27,684,1,4.87,,,-73.94219970703125,40.841651916503906,-73.90083312988281,40.89433670043945,1,N,2,16.0,1.0,0.5,,0.0,2.44,,19.94,1
2,2014-08-27 19:39:19,2014-08-27 19:50:59,2014-08-27,2014-08-27,700,1,5.19,,,-73.93075561523438,40.853397369384766,-73.90030670166016,40.905513763427734,1,N,2,16.0,1.0,0.5,,0.0,2.44,,19.94,1
2,2014-08-20 19:29:05,2014-08-20 19:41:27,2014-08-20,2014-08-20,742,1,5.17,,,-73.92967224121094,40.8544807434082,-73.89996337890625,40.903873443603516,1,N,2,16.0,1.0,0.5,,0.0,2.44,,19.94,1
2,2014-05-22 16:07:48,2014-05-22 16:16:10,2014-05-22,2014-05-22,502,1,3.81,,,-73.94022369384766,40.840538024902344,-73.91437530517578,40.88329315185547,1,N,2,12.5,1.0,0.5,,0.0,2.44,,16.44,1
2,2014-05-14 16:07:23,2014-05-14 16:14:25,2014-05-14,2014-05-14,422,1,3.91,,,-73.904052734375,40.869808197021484,-73.91041564941406,40.88676452636719,1,N,2,12.5,1.0,0.5,,0.0,2.44,,16.44,1
2,2014-05-23 17:53:45,2014-05-23 18:03:29,2014-05-23,2014-05-23,584,1,3.67,,,-73.9424057006836,40.842041015625,-73.91812896728516,40.87700653076172,1,N,2,12.5,1.0,0.5,,0.0,2.44,,16.44,1
2,2014-05-23 18:19:03,2014-05-23 18:29:15,2014-05-23,2014-05-23,612,1,3.67,,,-73.93689727783203,40.854888916015625,-73.91512298583984,40.8885383605957,1,N,2,12.5,1.0,0.5,,0.0,2.44,,16.44,1
2,2014-05-15 16:38:55,2014-05-15 16:47:30,2014-05-15,2014-05-15,515,1,4.01,,,-73.94010925292969,40.840782165527344,-73.91043853759766,40.885746002197266,1,N,2,12.5,1.0,0.5,,0.0,2.44,,16.44,1
2,2014-05-27 19:56:26,2014-05-27 20:05:16,2014-05-27,2014-05-27,530,1,3.77,,,-73.94236755371094,40.841392517089844,-73.92028045654297,40.88027572631836,1,N,2,12.5,1.0,0.5,,0.0,2.44,,16.44,1
1,2014-09-05 18:50:35,2014-09-05 19:01:08,2014-09-05,2014-09-05,633,1,3.5,,,-73.93382263183594,40.854087829589844,-73.91097259521484,40.887908935546875,1,N,2,12.5,1.0,0.5,,0.0,2.44,,16.44,1
2,2014-09-18 17:04:27,2014-09-18 17:12:56,2014-09-18,2014-09-18,509,1,3.63,,,-73.94078826904297,40.83986282348633,-73.91691589355469,40.87840270996094,1,N,2,12.5,1.0,0.5,,0.0,2.44,,16.44,1
2,2014-09-18 19:08:39,2014-09-18 19:17:03,2014-09-18,2014-09-18,504,1,3.73,,,-73.93574523925781,40.8503303527832,-73.90740966796875,40.88646697998047,1,N,2,12.5,1.0,0.5,,0.0,2.44,,16.44,1
2,2014-09-11 17:24:21,2014-09-11 17:32:35,2014-09-11,2014-09-11,494,1,3.96,,,-73.93751525878906,40.84807205200195,-73.91159057617188,40.885955810546875,1,N,2,12.5,1.0,0.5,,0.0,2.44,,16.44,1
2,2014-09-23 16:36:36,2014-09-23 16:45:54,2014-09-23,2014-09-23,558,1,3.58,,,-73.94248962402344,40.84204864501953,-73.91838073730469,40.876953125,1,N,2,12.5,1.0,0.5,,0.0,2.44,,16.44,1
2,2014-09-23 17:23:24,2014-09-23 17:33:26,2014-09-23,2014-09-23,602,1,3.59,,,-73.93730926513672,40.84846878051758,-73.91194152832031,40.88554382324219,1,N,2,12.5,1.0,0.5,,0.0,2.44,,16.44,1
1,2014-09-10 19:28:40,2014-09-10 19:37:54,2014-09-10,2014-09-10,554,1,3.8,,,-73.94229888916016,40.84206771850586,-73.91814422607422,40.876747131347656,1,N,2,12.5,1.0,0.5,,0.0,2.44,,16.44,1
2,2014-09-16 18:07:21,2014-09-16 18:15:02,2014-09-16,2014-09-16,461,1,4.02,,,-73.94293212890625,40.840476989746094,-73.90943908691406,40.88783645629883,1,N,2,12.5,1.0,0.5,,0.0,2.44,,16.44,1
1,2014-09-16 19:22:21,2014-09-16 19:30:40,2014-09-16,2014-09-16,499,1,3.7,,,-73.94242858886719,40.84144973754883,-73.91805267333984,40.876705169677734,1,N,2,12.5,1.0,0.5,,0.0,2.44,,16.44,1
2,2014-09-16 19:32:24,2014-09-16 19:39:38,2014-09-16,2014-09-16,434,1,3.99,,,-73.94062805175781,40.840145111083984,-73.9118881225586,40.88590621948242,1,N,2,12.5,1.0,0.5,,0.0,2.44,,16.44,1
2,2014-08-19 19:46:52,2014-08-19 19:55:15,2014-08-19,2014-08-19,503,1,3.83,,,-73.94300079345703,40.84087371826172,-73.91229248046875,40.884437561035156,1,N,2,12.5,1.0,0.5,,0.0,2.44,,16.44,1
2,2014-08-20 18:12:11,2014-08-20 18:22:16,2014-08-20,2014-08-20,605,1,3.61,,,-73.94271087646484,40.84107208251953,-73.91783142089844,40.877166748046875,1,N,2,12.5,1.0,0.5,,0.0,2.44,,16.44,1
2,2014-08-28 17:34:40,2014-08-28 17:43:21,2014-08-28,2014-08-28,521,1,3.6,,,-73.94085693359375,40.83976745605469,-73.91718292236328,40.878108978271484,1,N,2,12.5,1.0,0.5,,0.0,2.44,,16.44,1
1,2014-05-22 19:45:14,2014-05-22 19:54:29,2014-05-22,2014-05-22,555,1,4.2,,,-73.94085693359375,40.84007263183594,-73.91268920898438,40.88728713989258,1,N,2,13.5,1.0,0.5,,0.0,2.44,,17.44,1
2,2014-09-17 18:42:27,2014-09-17 18:52:46,2014-09-17,2014-09-17,619,1,3.88,,,-73.94264221191406,40.84177017211914,-73.91122436523438,40.8858642578125,1,N,2,13.5,1.0,0.5,,0.0,2.44,,17.44,1
2,2014-09-24 18:50:34,2014-09-24 19:01:29,2014-09-24,2014-09-24,655,1,3.69,,,-73.9424057006836,40.8420295715332,-73.91561889648438,40.8779182434082,1,N,2,13.5,1.0,0.5,,0.0,2.44,,17.44,1
2,2014-09-22 16:14:02,2014-09-22 16:22:59,2014-09-22,2014-09-22,537,1,4.02,,,-73.94290161132812,40.84047317504883,-73.91832733154297,40.880863189697266,1,N,2,13.5,1.0,0.5,,0.0,2.44,,17.44,1
2,2014-09-22 16:43:22,2014-09-22 16:53:48,2014-09-22,2014-09-22,626,1,3.66,,,-73.94026947021484,40.84109878540039,-73.91697692871094,40.8798713684082,1,N,2,13.5,1.0,0.5,,0.0,2.44,,17.44,1
2,2014-09-22 17:29:11,2014-09-22 17:39:01,2014-09-22,2014-09-22,590,1,3.83,,,-73.94279479980469,40.84061050415039,-73.9123306274414,40.88434982299805,1,N,2,13.5,1.0,0.5,,0.0,2.44,,17.44,1
2,2014-09-25 17:58:22,2014-09-25 18:08:12,2014-09-25,2014-09-25,590,1,4.31,,,-73.94063568115234,40.83976745605469,-73.9086685180664,40.887630462646484,1,N,2,13.5,1.0,0.5,,0.0,2.44,,17.44,1
2,2014-09-05 17:36:41,2014-09-05 17:46:48,2014-09-05,2014-09-05,607,1,3.96,,,-73.94049072265625,40.84027099609375,-73.91770935058594,40.881717681884766,1,N,2,13.5,1.0,0.5,,0.0,2.44,,17.44,1
2,2014-09-09 18:10:12,2014-09-09 18:20:59,2014-09-09,2014-09-09,647,1,3.74,,,-73.94074249267578,40.841552734375,-73.91786193847656,40.879364013671875,1,N,2,13.5,1.0,0.5,,0.0,2.44,,17.44,1
2,2014-09-08 19:40:07,2014-09-08 19:51:01,2014-09-08,2014-09-08,654,1,4.09,,,-73.94241333007812,40.84170913696289,-73.92050170898438,40.880130767822266,1,N,2,13.5,1.0,0.5,,0.0,2.44,,17.44,1
2,2014-09-10 18:21:13,2014-09-10 18:30:43,2014-09-10,2014-09-10,570,1,3.98,,,-73.94290161132812,40.84061813354492,-73.91382598876953,40.88570785522461,1,N,2,13.5,1.0,0.5,,0.0,2.44,,17.44,1
2,2014-09-15 17:14:02,2014-09-15 17:25:25,2014-09-15,2014-09-15,683,1,3.67,,,-73.94302368164062,40.8410758972168,-73.92115783691406,40.88029861450195,1,N,2,13.5,1.0,0.5,,0.0,2.44,,17.44,1
1,2014-09-15 19:43:13,2014-09-15 19:53:32,2014-09-15,2014-09-15,619,1,4.1,,,-73.94251251220703,40.8417854309082,-73.9197998046875,40.880348205566406,1,N,2,13.5,1.0,0.5,,0.0,2.44,,17.44,1
2,2014-08-05 19:00:34,2014-08-05 19:10:30,2014-08-05,2014-08-05,596,1,4.05,,,-73.94254302978516,40.84196853637695,-73.91788482666016,40.87723922729492,1,N,2,13.5,1.0,0.5,,0.0,2.44,,17.44,1
2,2014-08-19 19:39:57,2014-08-19 19:47:54,2014-08-19,2014-08-19,477,1,4.22,,,-73.94032287597656,40.8513069152832,-73.9048843383789,40.89736557006836,1,N,2,13.5,1.0,0.5,,0.0,2.44,,17.44,1
2,2014-05-23 18:45:05,2014-05-23 18:58:16,2014-05-23,2014-05-23,791,1,3.58,,,-73.93211364746094,40.851619720458984,-73.9144287109375,40.886043548583984,1,N,2,14.0,1.0,0.5,,0.0,2.44,,17.94,1
2,2014-05-27 17:08:58,2014-05-27 17:19:30,2014-05-27,2014-05-27,632,1,4.02,,,-73.94002532958984,40.83935546875,-73.91739654541016,40.88153839111328,1,N,2,14.0,1.0,0.5,,0.0,2.44,,17.94,1
2,2014-05-30 17:59:02,2014-05-30 18:09:13,2014-05-30,2014-05-30,611,1,4.31,,,-73.93765258789062,40.848426818847656,-73.91130828857422,40.88446807861328,1,N,2,14.0,1.0,0.5,,0.0,2.44,,17.94,1
1,2014-09-17 18:02:50,2014-09-17 18:13:47,2014-09-17,2014-09-17,657,1,4.2,,,-73.94056701660156,40.84149932861328,-73.92046356201172,40.88298797607422,1,N,2,14.0,1.0,0.5,,0.0,2.44,,17.94,1
2,2014-09-19 16:29:21,2014-09-19 16:39:30,2014-09-19,2014-09-19,609,1,4.36,,,-73.94258880615234,40.840396881103516,-73.90985870361328,40.88630676269531,1,N,2,14.0,1.0,0.5,,0.0,2.44,,17.94,1
1,2014-09-29 19:41:28,2014-09-29 19:52:58,2014-09-29,2014-09-29,690,1,4.1,,,-73.94235229492188,40.841121673583984,-73.91972351074219,40.88041687011719,1,N,2,14.0,1.0,0.5,,0.0,2.44,,17.94,1
1,2014-09-09 19:41:00,2014-09-09 19:52:21,2014-09-09,2014-09-09,681,1,4.1,,,-73.94243621826172,40.84170150756836,-73.91319274902344,40.88858413696289,1,N,2,14.0,1.0,0.5,,0.0,2.44,,17.94,1
2,2014-09-22 19:51:01,2014-09-22 20:02:09,2014-09-22,2014-09-22,668,1,4.12,,,-73.9423599243164,40.841304779052734,-73.92021942138672,40.8802490234375,1,N,2,14.0,1.0,0.5,,0.0,2.44,,17.94,1
2,2014-09-23 17:22:38,2014-09-23 17:33:35,2014-09-23,2014-09-23,657,1,4.24,,,-73.94020080566406,40.840328216552734,-73.91288757324219,40.8896369934082,1,N,2,14.0,1.0,0.5,,0.0,2.44,,17.94,1
2,2014-09-29 16:34:50,2014-09-29 16:44:47,2014-09-29,2014-09-29,597,1,4.26,,,-73.9423828125,40.84111404418945,-73.92150115966797,40.88026809692383,1,N,2,14.0,1.0,0.5,,0.0,2.44,,17.94,1
2,2014-09-15 17:22:24,2014-09-15 17:35:53,2014-09-15,2014-09-15,809,1,4.26,,,-73.93634796142578,40.84954071044922,-73.90789794921875,40.89606857299805,1,N,2,14.0,1.0,0.5,,0.0,2.44,,17.94,1
1,2014-09-15 17:31:58,2014-09-15 17:43:02,2014-09-15,2014-09-15,664,1,4.0,,,-73.94026947021484,40.84076690673828,-73.91224670410156,40.88450622558594,1,N,2,14.0,1.0,0.5,,0.0,2.44,,17.94,1
2,2014-09-16 18:01:21,2014-09-16 18:12:41,2014-09-16,2014-09-16,680,1,3.99,,,-73.94200134277344,40.84158706665039,-73.91473388671875,40.884559631347656,1,N,2,14.0,1.0,0.5,,0.0,2.44,,17.94,1
2,2014-08-13 16:11:47,2014-08-13 16:23:58,2014-08-13,2014-08-13,731,1,4.05,,,-73.94200897216797,40.84125900268555,-73.90923309326172,40.88654708862305,1,N,2,14.0,1.0,0.5,,0.0,2.44,,17.94,1
2,2014-05-20 19:17:17,2014-05-20 19:30:43,2014-05-20,2014-05-20,806,1,3.35,,,-73.93355560302734,40.85433578491211,-73.91505432128906,40.88863754272461,1,N,2,13.0,1.0,0.5,,0.0,2.44,,16.94,1
1,2014-05-22 16:48:14,2014-05-22 16:56:32,2014-05-22,2014-05-22,498,1,4.0,,,-73.94090270996094,40.83976364135742,-73.91419219970703,40.8817024230957,1,N,2,13.0,1.0,0.5,,0.0,2.44,,16.94,1
2,2014-05-23 18:45:51,2014-05-23 18:55:34,2014-05-23,2014-05-23,583,1,3.78,,,-73.94081115722656,40.841453552246094,-73.91764831542969,40.879520416259766,1,N,2,13.0,1.0,0.5,,0.0,2.44,,16.94,1
2,2014-05-02 18:05:41,2014-05-02 18:16:54,2014-05-02,2014-05-02,673,1,3.46,,,-73.93851470947266,40.8509521484375,-73.9129867553711,40.88922119140625,1,N,2,13.0,1.0,0.5,,0.0,2.44,,16.94,1
2,2014-05-06 19:17:15,2014-05-06 19:26:37,2014-05-06,2014-05-06,562,1,3.76,,,-73.94257354736328,40.841346740722656,-73.91980743408203,40.88035583496094,1,N,2,13.0,1.0,0.5,,0.0,2.44,,16.94,1
2,2014-09-02 19:58:58,2014-09-02 20:08:48,2014-09-02,2014-09-02,590,1,3.69,,,-73.94231414794922,40.84151077270508,-73.92036437988281,40.880218505859375,1,N,2,13.0,1.0,0.5,,0.0,2.44,,16.94,1
2,2014-09-24 18:45:31,2014-09-24 18:54:57,2014-09-24,2014-09-24,566,1,3.96,,,-73.94062042236328,40.840396881103516,-73.91715240478516,40.881675720214844,1,N,2,13.0,1.0,0.5,,0.0,2.44,,16.94,1
1,2014-09-18 18:32:32,2014-09-18 18:42:57,2014-09-18,2014-09-18,625,1,3.4,,,-73.9384536743164,40.8509635925293,-73.9068603515625,40.890869140625,1,N,2,13.0,1.0,0.5,,0.0,2.44,,16.94,1
2,2014-09-18 19:11:56,2014-09-18 19:20:02,2014-09-18,2014-09-18,486,1,4.11,,,-73.94237518310547,40.84182357788086,-73.91297912597656,40.88880157470703,1,N,2,13.0,1.0,0.5,,0.0,2.44,,16.94,1
2,2014-09-23 18:27:55,2014-09-23 18:37:17,2014-09-23,2014-09-23,562,1,3.95,,,-73.94235229492188,40.84242248535156,-73.912353515625,40.88466262817383,1,N,2,13.0,1.0,0.5,,0.0,2.44,,16.94,1
2,2014-09-15 19:10:30,2014-09-15 19:19:39,2014-09-15,2014-09-15,549,1,3.68,,,-73.94229125976562,40.8420524597168,-73.916259765625,40.876861572265625,1,N,2,13.0,1.0,0.5,,0.0,2.44,,16.94,1
2,2014-08-25 17:24:43,2014-08-25 17:33:25,2014-08-25,2014-08-25,522,1,4.07,,,-73.93656921386719,40.849395751953125,-73.91200256347656,40.885372161865234,1,N,2,13.0,1.0,0.5,,0.0,2.44,,16.94,1
2,2014-08-19 17:30:53,2014-08-19 17:42:04,2014-08-19,2014-08-19,671,1,3.37,,,-73.93749237060547,40.84847640991211,-73.91202545166016,40.88542556762695,1,N,2,13.0,1.0,0.5,,0.0,2.44,,16.94,1
2,2014-08-20 16:35:09,2014-08-20 16:44:11,2014-08-20,2014-08-20,542,1,3.98,,,-73.94243621826172,40.84116744995117,-73.91146850585938,40.88594055175781,1,N,2,13.0,1.0,0.5,,0.0,2.44,,16.94,1
2,2014-05-02 16:33:06,2014-05-02 16:42:49,2014-05-02,2014-05-02,583,1,5.5,,,-73.94232940673828,40.84113311767578,-73.89827728271484,40.89850616455078,1,N,2,16.5,1.0,0.5,,0.0,2.44,,20.44,1
2,2014-09-02 17:06:11,2014-09-02 17:16:45,2014-09-02,2014-09-02,634,1,5.33,,,-73.94116973876953,40.839988708496094,-73.90664672851562,40.903038024902344,1,N,2,16.5,1.0,0.5,,0.0,2.44,,20.44,1
1,2014-09-05 19:43:47,2014-09-05 19:55:47,2014-09-05,2014-09-05,720,1,5.2,,,-73.94023132324219,40.840702056884766,-73.90833282470703,40.89667892456055,1,N,2,16.5,1.0,0.5,,0.0,2.44,,20.44,1
2,2014-09-29 19:40:58,2014-09-29 19:55:02,2014-09-29,2014-09-29,844,1,4.76,,,-73.94335174560547,40.82590103149414,-73.91545867919922,40.87902069091797,1,N,2,16.5,1.0,0.5,,0.0,2.44,,20.44,1
2,2014-09-26 19:38:24,2014-09-26 19:50:58,2014-09-26,2014-09-26,754,1,5.26,,,-73.92989349365234,40.85423278808594,-73.90025329589844,40.905494689941406,1,N,2,16.5,1.0,0.5,,0.0,2.44,,20.44,1
2,2014-09-04 19:27:33,2014-09-04 19:39:54,2014-09-04,2014-09-04,741,1,5.25,,,-73.93013763427734,40.854190826416016,-73.900390625,40.905487060546875,1,N,2,16.5,1.0,0.5,,0.0,2.44,,20.44,1
2,2014-09-09 19:26:10,2014-09-09 19:39:02,2014-09-09,2014-09-09,772,1,5.25,,,-73.93022918701172,40.85405349731445,-73.9004135131836,40.905460357666016,1,N,2,16.5,1.0,0.5,,0.0,2.44,,20.44,1
2,2014-09-23 19:36:00,2014-09-23 19:48:48,2014-09-23,2014-09-23,768,1,5.17,,,-73.9296875,40.85438919067383,-73.89989471435547,40.90383529663086,1,N,2,16.5,1.0,0.5,,0.0,2.44,,20.44,1
2,2014-09-10 19:18:42,2014-09-10 19:32:49,2014-09-10,2014-09-10,847,1,5.25,,,-73.93022918701172,40.85410690307617,-73.90043640136719,40.90546798706055,1,N,2,16.5,1.0,0.5,,0.0,2.44,,20.44,1
2,2014-08-13 19:45:13,2014-08-13 19:58:05,2014-08-13,2014-08-13,772,1,5.12,,,-73.93025207519531,40.85398864746094,-73.89996337890625,40.90385818481445,1,N,2,16.5,1.0,0.5,,0.0,2.44,,20.44,1
2,2014-08-25 19:36:42,2014-08-25 19:50:32,2014-08-25,2014-08-25,830,1,5.25,,,-73.92989349365234,40.854286193847656,-73.90038299560547,40.905517578125,1,N,2,16.5,1.0,0.5,,0.0,2.44,,20.44,1
2,2014-08-14 19:34:04,2014-08-14 19:46:42,2014-08-14,2014-08-14,758,1,5.27,,,-73.92987060546875,40.85441589355469,-73.90032196044922,40.90548324584961,1,N,2,16.5,1.0,0.5,,0.0,2.44,,20.44,1
2,2014-08-19 19:25:20,2014-08-19 19:38:53,2014-08-19,2014-08-19,813,1,5.18,,,-73.92975616455078,40.85480880737305,-73.89997863769531,40.90385055541992,1,N,2,16.5,1.0,0.5,,0.0,2.44,,20.44,1
2,2014-09-12 16:32:12,2014-09-12 16:56:27,2014-09-12,2014-09-12,1455,1,6.33,,,-73.96463775634766,40.80674362182617,-73.9134750366211,40.8819465637207,1,N,2,22.0,1.0,0.5,,0.0,2.44,,25.94,1
2,2014-09-12 18:06:18,2014-09-12 18:32:14,2014-09-12,2014-09-12,1556,1,5.45,,,-73.94563293457031,40.821136474609375,-73.91685485839844,40.87919616699219,1,N,2,21.0,1.0,0.5,,0.0,2.44,,24.94,1
2,2014-09-12 18:46:21,2014-09-12 19:05:00,2014-09-12,2014-09-12,1119,1,6.6,,,-73.9542465209961,40.811546325683594,-73.91043090820312,40.88868713378906,1,N,2,21.5,1.0,0.5,,0.0,2.44,,25.44,1
2,2014-09-12 18:53:37,2014-09-12 19:13:44,2014-09-12,2014-09-12,1207,1,6.39,,,-73.96195220947266,40.80552291870117,-73.91492462158203,40.88410568237305,1,N,2,20.5,1.0,0.5,,0.0,2.44,,24.44,1
2,2014-09-12 18:58:03,2014-09-12 19:06:17,2014-09-12,2014-09-12,494,1,3.61,,,-73.94249725341797,40.841346740722656,-73.91802215576172,40.87675857543945,1,N,2,12.0,1.0,0.5,,0.0,2.44,,15.94,1
2,2014-09-12 19:04:54,2014-09-12 19:19:10,2014-09-12,2014-09-12,856,1,6.02,,,-73.94221496582031,40.84242630004883,-73.90666198730469,40.90657424926758,1,N,2,19.0,1.0,0.5,,0.0,2.44,,22.94,1
2,2014-09-12 19:13:06,2014-09-12 19:22:40,2014-09-12,2014-09-12,574,1,4.62,,,-73.943115234375,40.84026336669922,-73.91580200195312,40.887760162353516,1,N,2,14.5,1.0,0.5,,0.0,2.44,,18.44,1
2,2014-09-12 19:17:30,2014-09-12 19:49:57,2014-09-12,2014-09-12,1947,1,7.01,,,-73.93599700927734,40.82059860229492,-73.91954040527344,40.88050842285156,1,N,2,26.5,1.0,0.5,,0.0,2.44,,30.44,1
2,2014-05-08 17:44:59,2014-05-08 18:09:15,2014-05-08,2014-05-08,1456,1,10.1,,,-73.95417022705078,40.78691864013672,-73.90190124511719,40.90117645263672,1,N,2,29.0,1.0,0.5,,0.0,2.44,,32.94,1
2,2014-05-08 18:44:15,2014-05-08 18:59:14,2014-05-08,2014-05-08,899,1,5.73,,,-73.93936920166016,40.842166900634766,-73.89981842041016,40.88634490966797,1,N,2,18.5,1.0,0.5,,0.0,2.44,,22.44,1
2,2014-05-08 19:19:40,2014-05-08 19:43:25,2014-05-08,2014-05-08,1425,1,7.23,,,-73.93889617919922,40.80491256713867,-73.92082214355469,40.88221740722656,1,N,2,25.0,1.0,0.5,,0.0,2.44,,28.94,1
2,2014-05-20 16:52:36,2014-05-20 17:16:36,2014-05-20,2014-05-20,1440,1,8.02,,,-73.95409393310547,40.79015350341797,-73.91492462158203,40.87894821166992,1,N,2,25.5,1.0,0.5,,0.0,2.44,,29.44,1
2,2014-05-20 17:21:28,2014-05-20 17:34:26,2014-05-20,2014-05-20,778,1,4.06,,,-73.94046783447266,40.840354919433594,-73.91698455810547,40.88175582885742,1,N,2,15.0,1.0,0.5,,0.0,2.44,,18.94,1
2,2014-05-14 16:26:07,2014-05-14 16:41:20,2014-05-14,2014-05-14,913,1,6.42,,,-73.96211242675781,40.81053161621094,-73.90872955322266,40.88756561279297,1,N,2,19.5,1.0,0.5,,0.0,2.44,,23.44,1
2,2014-05-14 17:51:52,2014-05-14 18:02:05,2014-05-14,2014-05-14,613,1,4.48,,,-73.9408187866211,40.84157180786133,-73.90885162353516,40.88945770263672,1,N,2,15.0,1.0,0.5,,0.0,2.44,,18.94,1
2,2014-05-14 18:59:23,2014-05-14 19:25:32,2014-05-14,2014-05-14,1569,1,8.79,,,-73.95453643798828,40.78963851928711,-73.92113494873047,40.882198333740234,1,N,2,27.5,1.0,0.5,,0.0,2.44,,31.44,1
2,2014-05-22 19:43:08,2014-05-22 19:54:41,2014-05-22,2014-05-22,693,1,4.05,,,-73.93978118896484,40.84120178222656,-73.91236114501953,40.886226654052734,1,N,2,14.5,1.0,0.5,,0.0,2.44,,18.44,1
2,2014-05-16 16:23:22,2014-05-16 16:57:23,2014-05-16,2014-05-16,2041,1,9.38,,,-73.95132446289062,40.7911262512207,-73.91194915771484,40.901397705078125,1,N,2,32.0,1.0,0.5,,0.0,2.44,,35.94,1
2,2014-05-16 17:05:08,2014-05-16 17:13:48,2014-05-16,2014-05-16,520,1,3.65,,,-73.94248962402344,40.84124755859375,-73.91777038574219,40.87717819213867,1,N,2,12.0,1.0,0.5,,0.0,2.44,,15.94,1
2,2014-05-23 16:28:24,2014-05-23 17:17:05,2014-05-23,2014-05-23,2921,1,14.72,,,-73.88101959228516,40.86149597167969,-73.98210144042969,40.770748138427734,1,N,2,48.0,1.0,0.5,,0.0,2.44,,51.94,1
2,2014-05-23 16:42:35,2014-05-23 17:16:46,2014-05-23,2014-05-23,2051,1,9.85,,,-73.9608154296875,40.80685043334961,-73.88217163085938,40.88312530517578,1,N,2,33.0,1.0,0.5,,0.0,2.44,,36.94,1
2,2014-05-23 17:24:18,2014-05-23 18:04:32,2014-05-23,2014-05-23,2414,1,9.41,,,-73.95259094238281,40.78632736206055,-73.91190338134766,40.885650634765625,1,N,2,31.5,1.0,0.5,,0.0,2.44,,35.44,1
2,2014-05-23 18:34:10,2014-05-23 18:48:54,2014-05-23,2014-05-23,884,1,8.53,,,-73.93772888183594,40.8517951965332,-73.8582534790039,40.92911911010742,1,N,2,24.5,1.0,0.5,,0.0,2.44,,28.44,1
2,2014-05-23 19:49:03,2014-05-23 20:00:22,2014-05-23,2014-05-23,679,1,5.15,,,-73.93002319335938,40.85447692871094,-73.8999252319336,40.90388107299805,1,N,2,15.5,1.0,0.5,,0.0,2.44,,19.44,1
2,2014-05-02 16:07:52,2014-05-02 16:47:51,2014-05-02,2014-05-02,2399,1,10.55,,,-73.9587173461914,40.81544876098633,-73.89002227783203,40.94974136352539,1,N,2,37.0,1.0,0.5,,0.0,2.44,,40.94,1
2,2014-05-06 18:25:48,2014-05-06 18:39:27,2014-05-06,2014-05-06,819,1,6.38,,,-73.96226501464844,40.810508728027344,-73.91878509521484,40.87669372558594,1,N,2,19.0,1.0,0.5,,0.0,2.44,,22.94,1
2,2014-05-06 19:13:19,2014-05-06 19:36:02,2014-05-06,2014-05-06,1363,1,7.1,,,-73.9390869140625,40.8050651550293,-73.91302490234375,40.888031005859375,1,N,2,24.0,1.0,0.5,,0.0,2.44,,27.94,1
2,2014-05-15 15:05:56,2014-05-15 15:22:49,2014-05-15,2014-05-15,1013,1,8.24,,,-73.94013214111328,40.839508056640625,-73.88103485107422,40.87950897216797,1,N,2,24.5,1.0,0.5,,0.0,2.44,,28.44,1
2,2014-05-15 16:41:39,2014-05-15 17:07:22,2014-05-15,2014-05-15,1543,1,11.58,,,-73.93913269042969,40.84273147583008,-73.83586883544922,40.91278839111328,1,N,2,34.5,1.0,0.5,,0.0,2.44,,38.44,1
2,2014-05-15 16:53:43,2014-05-15 17:09:18,2014-05-15,2014-05-15,935,1,6.87,,,-73.94024658203125,40.84025573730469,-73.89350128173828,40.910945892333984,1,N,2,21.0,1.0,0.5,,0.0,2.44,,24.94,1
2,2014-09-02 18:20:35,2014-09-02 18:33:49,2014-09-02,2014-09-02,794,1,5.74,,,-73.94428253173828,40.83466720581055,-73.90110778808594,40.88623046875,1,N,2,18.0,1.0,0.5,,0.0,2.44,,21.94,1
2,2014-09-02 19:08:49,2014-09-02 19:22:23,2014-09-02,2014-09-02,814,1,5.07,,,-73.94850158691406,40.82897186279297,-73.90966033935547,40.883785247802734,1,N,2,17.0,1.0,0.5,,0.0,2.44,,20.94,1
2,2014-09-02 19:09:19,2014-09-02 19:28:40,2014-09-02,2014-09-02,1161,1,7.09,,,-73.93897247314453,40.80506896972656,-73.91325378417969,40.886165618896484,1,N,2,23.0,1.0,0.5,,0.0,2.44,,26.94,1
2,2014-09-02 19:27:59,2014-09-02 19:52:25,2014-09-02,2014-09-02,1466,1,9.63,,,-73.93208312988281,40.8579216003418,-73.84089660644531,40.92335891723633,1,N,2,30.5,1.0,0.5,,0.0,2.44,,34.44,1
2,2014-09-05 19:35:18,2014-09-05 19:54:36,2014-09-05,2014-09-05,1158,1,8.3,,,-73.94287109375,40.83708953857422,-73.87203216552734,40.87965774536133,1,N,2,25.0,1.0,0.5,,0.0,2.44,,28.94,1
2,2014-09-17 16:22:28,2014-09-17 16:39:44,2014-09-17,2014-09-17,1036,1,5.2,,,-73.94282531738281,40.84279251098633,-73.9015884399414,40.892333984375,1,N,2,17.5,1.0,0.5,,0.0,2.44,,21.44,1
2,2014-09-17 16:48:11,2014-09-17 17:04:05,2014-09-17,2014-09-17,954,1,5.99,,,-73.96228790283203,40.810516357421875,-73.91886901855469,40.876678466796875,1,N,2,19.5,1.0,0.5,,0.0,2.44,,23.44,1
2,2014-09-17 18:58:16,2014-09-17 19:13:16,2014-09-17,2014-09-17,900,1,6.24,,,-73.96659088134766,40.80414962768555,-73.91797637939453,40.878475189208984,1,N,2,20.0,1.0,0.5,,0.0,2.44,,23.94,1
